origin,actual,rf_score,current_spread_score,future_observed,h,future_label_fix
2009-01-31,1.0,0.9114580410989391,16.79391304347826,True,1,False
2009-02-28,1.0,0.8830720412205095,16.536190476190477,True,1,False
2009-03-31,1.0,0.8697437680566945,17.837727272727275,True,1,False
2009-04-30,1.0,0.8924888710510271,15.623636363636365,True,1,False
2009-05-31,1.0,0.8697437680566945,12.50590909090909,True,1,False
2009-06-30,1.0,0.8697437680566945,10.80590909090909,True,1,False
2009-07-31,1.0,0.8697437680566945,10.27,True,1,False
2009-08-31,1.0,0.8697437680566945,8.971428571428572,True,1,False
2009-09-30,1.0,0.8697437680566945,8.452272727272726,True,1,False
2009-10-31,1.0,0.8693095248805158,7.76304347826087,True,1,False
2009-11-30,1.0,0.8796785981126308,7.561904761904763,True,1,False
2009-12-31,0.0,0.8331213199892852,6.919130434782608,True,1,False
2010-01-31,1.0,0.22722964577441954,6.233181818181818,True,1,False
2010-02-28,0.0,0.8892041637147794,6.730952380952381,True,1,False
2010-03-31,0.0,0.1781489128975605,6.121739130434783,True,1,False
2010-04-30,1.0,0.17627970316630542,5.6040909090909095,True,1,False
2010-05-31,1.0,0.6530618991784042,6.5009523809523815,True,1,False
2010-06-30,1.0,0.9066458455021023,7.016818181818182,True,1,False
2010-07-31,1.0,0.9035105668131865,6.778695652173913,True,1,False
2010-08-31,0.0,0.8438924650047368,6.755909090909091,True,1,False
2010-09-30,0.0,0.5865757364424613,6.421363636363637,True,1,False
2010-10-31,0.0,0.14820872146269137,6.008181818181819,True,1,False
2010-11-30,0.0,0.15274889343752737,5.872727272727272,True,1,False
2010-12-31,0.0,0.08088654945992085,5.551304347826087,True,1,False
2011-01-31,0.0,0.045505291758760426,5.1242857142857146,True,1,False
2011-02-28,0.0,0.1280108401603577,4.657500000000001,True,1,False
2011-03-31,0.0,0.04073634010827241,4.8365217391304345,True,1,False
2011-04-30,0.0,0.031236356092976855,4.661818181818182,True,1,False
2011-05-31,0.0,0.07290618427740973,4.846818181818182,True,1,False
2011-06-30,0.0,0.15926748487399148,5.49,True,1,False
2011-07-31,1.0,0.0703940680293771,5.434545454545455,True,1,False
2011-08-31,1.0,0.9210967322437411,6.990434782608696,True,1,False
2011-09-30,1.0,0.9788618638564521,7.675454545454546,True,1,False
2011-10-31,1.0,0.9772028481881434,7.908571428571429,True,1,False
2011-11-30,1.0,0.9343781736254598,7.606363636363636,True,1,False
2011-12-31,1.0,0.9289431061561945,7.510434782608696,True,1,False
2012-01-31,0.0,0.7176288477660714,6.8531818181818185,True,1,False
2012-02-29,0.0,0.3842100654124072,6.244285714285714,True,1,False
2012-03-31,0.0,0.2502935780167586,5.96304347826087,True,1,False
2012-04-30,0.0,0.2660101169359489,6.12952380952381,True,1,False
2012-05-31,1.0,0.5657898852082723,6.313478260869566,True,1,False
2012-06-30,0.0,0.8279265465299264,6.7713636363636365,True,1,False
2012-07-31,0.0,0.4642727390954475,6.355,True,1,False
2012-08-31,0.0,0.11274104891152001,5.923043478260869,True,1,False
2012-09-30,0.0,0.18744468849022766,5.611428571428571,True,1,False
2012-10-31,0.0,0.04361696442045259,5.486521739130435,True,1,False
2012-11-30,0.0,0.18699672188794364,5.709090909090909,True,1,False
2012-12-31,0.0,0.03085799849578127,5.331904761904762,True,1,False
2013-01-31,0.0,0.03569198371942251,4.936521739130434,True,1,False
2013-02-28,0.0,0.045182055418922396,4.993,True,1,False
2013-03-31,0.0,0.024951662159577285,4.804090909090909,True,1,False
2013-04-30,0.0,0.039396982952100895,4.76409090909091,True,1,False
2013-05-31,0.0,0.04051410651843282,4.378260869565217,True,1,False
2013-06-30,0.0,0.011871809800273768,5.058095238095238,True,1,False
2013-07-31,0.0,0.014490631157928494,4.81695652173913,True,1,False
2013-08-31,0.0,0.026489261213296308,4.751363636363636,True,1,False
2013-09-30,0.0,0.0,4.642857142857143,True,1,False
2013-10-31,0.0,0.0,4.554347826086956,True,1,False
2013-11-30,0.0,0.0016932907348242811,4.321363636363636,True,1,False
2013-12-31,0.0,0.005252856437339086,4.081363636363637,True,1,False
2014-01-31,0.0,0.004938069685386651,3.969130434782609,True,1,False
2014-02-28,0.0,0.006407317551517005,4.0305,True,1,False
2014-03-31,0.0,0.001089385474860335,3.8076190476190472,True,1,False
2014-04-30,0.0,0.0014735516372795967,3.7040909090909087,True,1,False
2014-05-31,0.0,0.0,3.75,True,1,False
2014-06-30,0.0,0.0,3.471904761904762,True,1,False
2014-07-31,0.0,0.0,3.653043478260869,True,1,False
2014-08-31,0.0,0.0,3.9718181818181817,True,1,False
2014-09-30,0.0,0.006852862855984774,4.06,True,1,False
2014-10-31,0.0,0.05780589825850754,4.514347826086956,True,1,False
2014-11-30,0.0,0.09280347606451596,4.457619047619048,True,1,False
2014-12-31,0.0,0.15182503063293615,5.069565217391304,True,1,False
2015-01-31,0.0,0.20351517887223147,5.288695652173913,True,1,False
2015-02-28,0.0,0.04427150844255395,4.711428571428572,True,1,False
2015-03-31,0.0,0.026115153586156462,4.664545454545455,True,1,False
2015-04-30,0.0,0.021680874737030276,4.635454545454546,True,1,False
2015-05-31,0.0,0.005551803746557476,4.507727272727273,True,1,False
2015-06-30,0.0,0.005509943944182718,4.66,True,1,False
2015-07-31,0.0,0.035313807739764724,5.106086956521739,True,1,False
2015-08-31,0.0,0.34693041165874194,5.658095238095238,True,1,False
2015-09-30,0.0,0.5094131796355783,5.868181818181818,True,1,False
2015-10-31,0.0,0.47124264694804197,6.197391304347826,True,1,False
2015-11-30,1.0,0.43070846365367266,6.136190476190476,True,1,False
2015-12-31,1.0,0.6990594284499145,6.8786956521739135,True,1,False
2016-01-31,1.0,0.944692987511823,7.594545454545455,True,1,False
2016-02-29,1.0,0.9933518075715212,8.225714285714286,True,1,False
2016-03-31,1.0,0.887617991586789,6.980869565217391,True,1,False
2016-04-30,0.0,0.6375668646734437,6.619545454545454,True,1,False
2016-05-31,0.0,0.4063537680468797,6.260909090909092,True,1,False
2016-06-30,0.0,0.21383785067446687,6.104090909090909,True,1,False
2016-07-31,0.0,0.24725138919398545,5.649090909090909,True,1,False
2016-08-31,0.0,0.09716986136315145,5.3,True,1,False
2016-09-30,0.0,0.03969395082199482,5.1454545454545455,True,1,False
2016-10-31,0.0,0.03472121466357714,4.736666666666666,True,1,False
2016-11-30,0.0,0.03451458757902534,4.88909090909091,True,1,False
2016-12-31,0.0,0.008166608946717313,4.277391304347826,True,1,False
2017-01-31,0.0,0.019325308792073635,4.0209090909090905,True,1,False
2017-02-28,0.0,0.02120215307253019,3.853,True,1,False
2017-03-31,0.0,0.008128744367031938,3.898260869565217,True,1,False
2017-04-30,0.0,0.03058714345865483,3.9166666666666665,True,1,False
2017-05-31,0.0,0.02963475060353484,3.743478260869565,True,1,False
2017-06-30,0.0,0.0,3.7509090909090905,True,1,False
2017-07-31,0.0,0.0,3.691904761904762,True,1,False
2017-08-31,0.0,0.005740147537715159,3.833913043478261,True,1,False
2017-09-30,0.0,0.0,3.719090909090909,True,1,False
2017-10-31,0.0,0.0,3.492272727272727,True,1,False
2017-11-30,0.0,0.0,3.6818181818181817,True,1,False
2017-12-31,0.0,0.0,3.6,True,1,False
2018-01-31,0.0,0.007524324324324325,3.361739130434782,True,1,False
2018-02-28,0.0,0.007524324324324325,3.5420000000000003,True,1,False
2018-03-31,0.0,0.00380952380952381,3.645217391304348,True,1,False
2018-04-30,0.0,0.005887445887445888,3.473333333333333,True,1,False
2018-05-31,0.0,0.004324324324324324,3.468695652173913,True,1,False
2018-06-30,0.0,0.0032,3.4518181818181817,True,1,False
2018-07-31,0.0,0.005887445887445888,3.5900000000000003,True,1,False
2018-08-31,0.0,0.0,3.4526086956521738,True,1,False
2018-09-30,0.0,0.004324324324324324,3.341428571428572,True,1,False
2018-10-31,0.0,0.0,3.5191304347826087,True,1,False
2018-11-30,0.0,0.010805502720396338,4.017272727272727,True,1,False
2018-12-31,0.0,0.2498199670717137,4.791428571428572,True,1,False
2019-01-31,0.0,0.17725776907140844,4.605217391304348,True,1,False
2019-02-28,0.0,0.11516755751387209,4.128,True,1,False
2019-03-31,0.0,0.01822862699422751,4.010454545454546,True,1,False
2019-04-30,0.0,0.0030228471001757466,3.780909090909091,True,1,False
2019-05-31,0.0,0.01853569164071194,4.06391304347826,True,1,False
2019-06-30,0.0,0.028968819532810428,4.214285714285714,True,1,False
2019-07-31,0.0,0.0,3.997391304347826,True,1,False
2019-08-31,0.0,0.0,4.293913043478261,True,1,False
2019-09-30,0.0,0.0,3.943809523809524,True,1,False
2019-10-31,0.0,0.0056480282279036086,4.098260869565218,True,1,False
2019-11-30,0.0,0.0,4.047272727272727,True,1,False
2019-12-31,0.0,0.0034817813765182187,3.713181818181818,True,1,False
2020-01-31,0.0,0.002754491017964072,3.601304347826087,True,1,False
2020-02-29,1.0,0.003102866779089376,3.921904761904762,True,1,False
2020-03-31,1.0,0.7911963435089419,7.854090909090909,True,1,False
2020-04-30,1.0,0.9700719833954023,8.129999999999999,True,1,False
2020-05-31,0.0,0.9607648878890845,7.287272727272727,True,1,False
2020-06-30,0.0,0.3127094641310711,6.066363636363636,True,1,False
2020-07-31,0.0,0.40337701756798167,5.699565217391305,True,1,False
2020-08-31,0.0,0.3077172787715976,5.123809523809523,True,1,False
2020-09-30,0.0,0.18044654246753164,5.26,True,1,False
2020-10-31,0.0,0.22244171515789113,5.052173913043478,True,1,False
2020-11-30,0.0,0.12209550577401306,4.525238095238096,True,1,False
2020-12-31,0.0,0.028494142727803907,4.044782608695653,True,1,False
2021-01-31,0.0,0.03853448817513397,3.784090909090909,True,1,False
2021-02-28,0.0,0.04001514006687823,3.526190476190476,True,1,False
2021-03-31,0.0,0.18561520424281622,3.5473913043478262,True,1,False
2021-04-30,0.0,0.04076050928239146,3.2709090909090905,True,1,False
2021-05-31,0.0,0.014331418334409048,3.333809523809524,True,1,False
2021-06-30,0.0,0.0,3.174545454545455,True,1,False
2021-07-31,0.0,0.0,3.17304347826087,True,1,False
2021-08-31,0.0,0.0,3.321363636363636,True,1,False
2021-09-30,0.0,0.0,3.117272727272727,True,1,False
2021-10-31,0.0,0.0,3.149090909090909,True,1,False
2021-11-30,0.0,0.0,3.2245454545454546,True,1,False
2021-12-31,0.0,0.0,3.2630434782608693,True,1,False
2022-01-31,0.0,0.003621908127208481,3.2247619047619045,True,1,False
2022-02-28,0.0,0.0017226890756302522,3.646,True,1,False
2022-03-31,0.0,0.0028393351800554017,3.788695652173913,True,1,False
2022-04-30,0.0,0.08352069549235999,3.6536363636363633,True,1,False
2022-05-31,0.0,0.11048596986800836,4.487727272727273,True,1,False
2022-06-30,0.0,0.09495318140997704,4.87,True,1,False
2022-07-31,0.0,0.3624569556781492,5.300909090909091,True,1,False
2022-08-31,0.0,0.1938810817227136,4.8,False,1,False
2009-01-31,1.0,0.9114580410989391,16.79391304347826,True,1,True
2009-02-28,1.0,0.8830720412205095,16.536190476190477,True,1,True
2009-03-31,1.0,0.8697437680566945,17.837727272727275,True,1,True
2009-04-30,1.0,0.8924888710510273,15.623636363636365,True,1,True
2009-05-31,1.0,0.8697437680566945,12.50590909090909,True,1,True
2009-06-30,1.0,0.8697437680566945,10.80590909090909,True,1,True
2009-07-31,1.0,0.8697437680566945,10.27,True,1,True
2009-08-31,1.0,0.8697437680566945,8.971428571428572,True,1,True
2009-09-30,1.0,0.8697437680566945,8.452272727272726,True,1,True
2009-10-31,1.0,0.8693095248805158,7.76304347826087,True,1,True
2009-11-30,1.0,0.8796785981126308,7.561904761904763,True,1,True
2009-12-31,0.0,0.8331213199892852,6.919130434782608,True,1,True
2010-01-31,1.0,0.2272296457744195,6.233181818181818,True,1,True
2010-02-28,0.0,0.8892041637147795,6.730952380952381,True,1,True
2010-03-31,0.0,0.17814891289756044,6.121739130434783,True,1,True
2010-04-30,1.0,0.17627970316630542,5.6040909090909095,True,1,True
2010-05-31,1.0,0.6530618991784042,6.5009523809523815,True,1,True
2010-06-30,1.0,0.9066458455021023,7.016818181818182,True,1,True
2010-07-31,1.0,0.9035105668131865,6.778695652173913,True,1,True
2010-08-31,0.0,0.8438924650047368,6.755909090909091,True,1,True
2010-09-30,0.0,0.5865757364424614,6.421363636363637,True,1,True
2010-10-31,0.0,0.14820872146269137,6.008181818181819,True,1,True
2010-11-30,0.0,0.15274889343752737,5.872727272727272,True,1,True
2010-12-31,0.0,0.08088654945992085,5.551304347826087,True,1,True
2011-01-31,0.0,0.04550529175876043,5.1242857142857146,True,1,True
2011-02-28,0.0,0.1280108401603577,4.657500000000001,True,1,True
2011-03-31,0.0,0.04073634010827241,4.8365217391304345,True,1,True
2011-04-30,0.0,0.031236356092976855,4.661818181818182,True,1,True
2011-05-31,0.0,0.07290618427740973,4.846818181818182,True,1,True
2011-06-30,0.0,0.15926748487399148,5.49,True,1,True
2011-07-31,1.0,0.0703940680293771,5.434545454545455,True,1,True
2011-08-31,1.0,0.9210967322437409,6.990434782608696,True,1,True
2011-09-30,1.0,0.9788618638564521,7.675454545454546,True,1,True
2011-10-31,1.0,0.9772028481881434,7.908571428571429,True,1,True
2011-11-30,1.0,0.9343781736254598,7.606363636363636,True,1,True
2011-12-31,1.0,0.9289431061561945,7.510434782608696,True,1,True
2012-01-31,0.0,0.7176288477660715,6.8531818181818185,True,1,True
2012-02-29,0.0,0.3842100654124072,6.244285714285714,True,1,True
2012-03-31,0.0,0.25029357801675867,5.96304347826087,True,1,True
2012-04-30,0.0,0.2660101169359489,6.12952380952381,True,1,True
2012-05-31,1.0,0.5657898852082723,6.313478260869566,True,1,True
2012-06-30,0.0,0.8279265465299264,6.7713636363636365,True,1,True
2012-07-31,0.0,0.46427273909544736,6.355,True,1,True
2012-08-31,0.0,0.11274104891152001,5.923043478260869,True,1,True
2012-09-30,0.0,0.1874446884902277,5.611428571428571,True,1,True
2012-10-31,0.0,0.04361696442045259,5.486521739130435,True,1,True
2012-11-30,0.0,0.18699672188794364,5.709090909090909,True,1,True
2012-12-31,0.0,0.030857998495781268,5.331904761904762,True,1,True
2013-01-31,0.0,0.03569198371942251,4.936521739130434,True,1,True
2013-02-28,0.0,0.045182055418922396,4.993,True,1,True
2013-03-31,0.0,0.024951662159577285,4.804090909090909,True,1,True
2013-04-30,0.0,0.039396982952100895,4.76409090909091,True,1,True
2013-05-31,0.0,0.04051410651843282,4.378260869565217,True,1,True
2013-06-30,0.0,0.011871809800273768,5.058095238095238,True,1,True
2013-07-31,0.0,0.014490631157928494,4.81695652173913,True,1,True
2013-08-31,0.0,0.026489261213296308,4.751363636363636,True,1,True
2013-09-30,0.0,0.0,4.642857142857143,True,1,True
2013-10-31,0.0,0.0,4.554347826086956,True,1,True
2013-11-30,0.0,0.0016932907348242811,4.321363636363636,True,1,True
2013-12-31,0.0,0.005252856437339086,4.081363636363637,True,1,True
2014-01-31,0.0,0.004938069685386651,3.969130434782609,True,1,True
2014-02-28,0.0,0.006407317551517005,4.0305,True,1,True
2014-03-31,0.0,0.001089385474860335,3.8076190476190472,True,1,True
2014-04-30,0.0,0.0014735516372795967,3.7040909090909087,True,1,True
2014-05-31,0.0,0.0,3.75,True,1,True
2014-06-30,0.0,0.0,3.471904761904762,True,1,True
2014-07-31,0.0,0.0,3.653043478260869,True,1,True
2014-08-31,0.0,0.0,3.9718181818181817,True,1,True
2014-09-30,0.0,0.006852862855984774,4.06,True,1,True
2014-10-31,0.0,0.05780589825850754,4.514347826086956,True,1,True
2014-11-30,0.0,0.09280347606451596,4.457619047619048,True,1,True
2014-12-31,0.0,0.15182503063293615,5.069565217391304,True,1,True
2015-01-31,0.0,0.20351517887223142,5.288695652173913,True,1,True
2015-02-28,0.0,0.04427150844255395,4.711428571428572,True,1,True
2015-03-31,0.0,0.026115153586156462,4.664545454545455,True,1,True
2015-04-30,0.0,0.021680874737030276,4.635454545454546,True,1,True
2015-05-31,0.0,0.005551803746557476,4.507727272727273,True,1,True
2015-06-30,0.0,0.005509943944182718,4.66,True,1,True
2015-07-31,0.0,0.035313807739764724,5.106086956521739,True,1,True
2015-08-31,0.0,0.34693041165874194,5.658095238095238,True,1,True
2015-09-30,0.0,0.5094131796355784,5.868181818181818,True,1,True
2015-10-31,0.0,0.47124264694804197,6.197391304347826,True,1,True
2015-11-30,1.0,0.43070846365367266,6.136190476190476,True,1,True
2015-12-31,1.0,0.6990594284499145,6.8786956521739135,True,1,True
2016-01-31,1.0,0.9446929875118231,7.594545454545455,True,1,True
2016-02-29,1.0,0.9933518075715212,8.225714285714286,True,1,True
2016-03-31,1.0,0.887617991586789,6.980869565217391,True,1,True
2016-04-30,0.0,0.6375668646734437,6.619545454545454,True,1,True
2016-05-31,0.0,0.4063537680468797,6.260909090909092,True,1,True
2016-06-30,0.0,0.21383785067446687,6.104090909090909,True,1,True
2016-07-31,0.0,0.2472513891939854,5.649090909090909,True,1,True
2016-08-31,0.0,0.09716986136315145,5.3,True,1,True
2016-09-30,0.0,0.03969395082199482,5.1454545454545455,True,1,True
2016-10-31,0.0,0.03472121466357714,4.736666666666666,True,1,True
2016-11-30,0.0,0.03451458757902534,4.88909090909091,True,1,True
2016-12-31,0.0,0.008166608946717313,4.277391304347826,True,1,True
2017-01-31,0.0,0.019325308792073635,4.0209090909090905,True,1,True
2017-02-28,0.0,0.02120215307253019,3.853,True,1,True
2017-03-31,0.0,0.008128744367031938,3.898260869565217,True,1,True
2017-04-30,0.0,0.03058714345865483,3.9166666666666665,True,1,True
2017-05-31,0.0,0.02963475060353484,3.743478260869565,True,1,True
2017-06-30,0.0,0.0,3.7509090909090905,True,1,True
2017-07-31,0.0,0.0,3.691904761904762,True,1,True
2017-08-31,0.0,0.005740147537715159,3.833913043478261,True,1,True
2017-09-30,0.0,0.0,3.719090909090909,True,1,True
2017-10-31,0.0,0.0,3.492272727272727,True,1,True
2017-11-30,0.0,0.0,3.6818181818181817,True,1,True
2017-12-31,0.0,0.0,3.6,True,1,True
2018-01-31,0.0,0.007524324324324325,3.361739130434782,True,1,True
2018-02-28,0.0,0.007524324324324325,3.5420000000000003,True,1,True
2018-03-31,0.0,0.00380952380952381,3.645217391304348,True,1,True
2018-04-30,0.0,0.005887445887445888,3.473333333333333,True,1,True
2018-05-31,0.0,0.004324324324324324,3.468695652173913,True,1,True
2018-06-30,0.0,0.0032,3.4518181818181817,True,1,True
2018-07-31,0.0,0.005887445887445888,3.5900000000000003,True,1,True
2018-08-31,0.0,0.0,3.4526086956521738,True,1,True
2018-09-30,0.0,0.004324324324324324,3.341428571428572,True,1,True
2018-10-31,0.0,0.0,3.5191304347826087,True,1,True
2018-11-30,0.0,0.010805502720396338,4.017272727272727,True,1,True
2018-12-31,0.0,0.2498199670717137,4.791428571428572,True,1,True
2019-01-31,0.0,0.17725776907140844,4.605217391304348,True,1,True
2019-02-28,0.0,0.11516755751387209,4.128,True,1,True
2019-03-31,0.0,0.01822862699422751,4.010454545454546,True,1,True
2019-04-30,0.0,0.0030228471001757466,3.780909090909091,True,1,True
2019-05-31,0.0,0.01853569164071194,4.06391304347826,True,1,True
2019-06-30,0.0,0.028968819532810428,4.214285714285714,True,1,True
2019-07-31,0.0,0.0,3.997391304347826,True,1,True
2019-08-31,0.0,0.0,4.293913043478261,True,1,True
2019-09-30,0.0,0.0,3.943809523809524,True,1,True
2019-10-31,0.0,0.0056480282279036086,4.098260869565218,True,1,True
2019-11-30,0.0,0.0,4.047272727272727,True,1,True
2019-12-31,0.0,0.0034817813765182187,3.713181818181818,True,1,True
2020-01-31,0.0,0.002754491017964072,3.601304347826087,True,1,True
2020-02-29,1.0,0.003102866779089376,3.921904761904762,True,1,True
2020-03-31,1.0,0.7911963435089419,7.854090909090909,True,1,True
2020-04-30,1.0,0.9700719833954023,8.129999999999999,True,1,True
2020-05-31,0.0,0.9607648878890845,7.287272727272727,True,1,True
2020-06-30,0.0,0.3127094641310711,6.066363636363636,True,1,True
2020-07-31,0.0,0.40337701756798167,5.699565217391305,True,1,True
2020-08-31,0.0,0.3077172787715976,5.123809523809523,True,1,True
2020-09-30,0.0,0.18044654246753164,5.26,True,1,True
2020-10-31,0.0,0.22244171515789113,5.052173913043478,True,1,True
2020-11-30,0.0,0.12209550577401306,4.525238095238096,True,1,True
2020-12-31,0.0,0.028494142727803907,4.044782608695653,True,1,True
2021-01-31,0.0,0.03853448817513397,3.784090909090909,True,1,True
2021-02-28,0.0,0.04001514006687823,3.526190476190476,True,1,True
2021-03-31,0.0,0.18561520424281622,3.5473913043478262,True,1,True
2021-04-30,0.0,0.04076050928239146,3.2709090909090905,True,1,True
2021-05-31,0.0,0.014331418334409048,3.333809523809524,True,1,True
2021-06-30,0.0,0.0,3.174545454545455,True,1,True
2021-07-31,0.0,0.0,3.17304347826087,True,1,True
2021-08-31,0.0,0.0,3.321363636363636,True,1,True
2021-09-30,0.0,0.0,3.117272727272727,True,1,True
2021-10-31,0.0,0.0,3.149090909090909,True,1,True
2021-11-30,0.0,0.0,3.2245454545454546,True,1,True
2021-12-31,0.0,0.0,3.2630434782608693,True,1,True
2022-01-31,0.0,0.003621908127208481,3.2247619047619045,True,1,True
2022-02-28,0.0,0.0017226890756302522,3.646,True,1,True
2022-03-31,0.0,0.0028393351800554017,3.788695652173913,True,1,True
2022-04-30,0.0,0.08352069549235999,3.6536363636363633,True,1,True
2022-05-31,0.0,0.11048596986800836,4.487727272727273,True,1,True
2022-06-30,0.0,0.09495318140997704,4.87,True,1,True
2022-07-31,0.0,0.3624569556781492,5.300909090909091,True,1,True
2009-01-31,1.0,0.8929423048226535,16.79391304347826,True,3,False
2009-02-28,1.0,0.7421131831612283,16.536190476190477,True,3,False
2009-03-31,1.0,0.7364694895200019,17.837727272727275,True,3,False
2009-04-30,1.0,0.7334484947914417,15.623636363636365,True,3,False
2009-05-31,1.0,0.7364694895200019,12.50590909090909,True,3,False
2009-06-30,1.0,0.7364694895200019,10.80590909090909,True,3,False
2009-07-31,1.0,0.7364694895200019,10.27,True,3,False
2009-08-31,1.0,0.7364694895200019,8.971428571428572,True,3,False
2009-09-30,1.0,0.7364694895200019,8.452272727272726,True,3,False
2009-10-31,0.0,0.6923913360592462,7.76304347826087,True,3,False
2009-11-30,1.0,0.6759357428467636,7.561904761904763,True,3,False
2009-12-31,0.0,0.4653755301770078,6.919130434782608,True,3,False
2010-01-31,0.0,0.3773224076098479,6.233181818181818,True,3,False
2010-02-28,1.0,0.6562618643459964,6.730952380952381,True,3,False
2010-03-31,1.0,0.502321253209296,6.121739130434783,True,3,False
2010-04-30,1.0,0.16406683585841747,5.6040909090909095,True,3,False
2010-05-31,1.0,0.6997186940535086,6.5009523809523815,True,3,False
2010-06-30,0.0,0.9213893724576591,7.016818181818182,True,3,False
2010-07-31,0.0,0.897508772823719,6.778695652173913,True,3,False
2010-08-31,0.0,0.8774555573830465,6.755909090909091,True,3,False
2010-09-30,0.0,0.6132535036525526,6.421363636363637,True,3,False
2010-10-31,0.0,0.3123591520843865,6.008181818181819,True,3,False
2010-11-30,0.0,0.16850179433054024,5.872727272727272,True,3,False
2010-12-31,0.0,0.08368738516953694,5.551304347826087,True,3,False
2011-01-31,0.0,0.04656644751115884,5.1242857142857146,True,3,False
2011-02-28,0.0,0.14662758707650575,4.657500000000001,True,3,False
2011-03-31,0.0,0.0665543603915863,4.8365217391304345,True,3,False
2011-04-30,0.0,0.07637764840190775,4.661818181818182,True,3,False
2011-05-31,1.0,0.17200490121159517,4.846818181818182,True,3,False
2011-06-30,1.0,0.24289598356810924,5.49,True,3,False
2011-07-31,1.0,0.23953026106576186,5.434545454545455,True,3,False
2011-08-31,1.0,0.8170967866553001,6.990434782608696,True,3,False
2011-09-30,1.0,0.9580630395991713,7.675454545454546,True,3,False
2011-10-31,1.0,0.9377263224524951,7.908571428571429,True,3,False
2011-11-30,0.0,0.9375140586072981,7.606363636363636,True,3,False
2011-12-31,0.0,0.8757720767548054,7.510434782608696,True,3,False
2012-01-31,0.0,0.5480588914699874,6.8531818181818185,True,3,False
2012-02-29,0.0,0.39611414628863817,6.244285714285714,True,3,False
2012-03-31,1.0,0.2315361622649634,5.96304347826087,True,3,False
2012-04-30,0.0,0.7454315115657058,6.12952380952381,True,3,False
2012-05-31,0.0,0.7712410836464676,6.313478260869566,True,3,False
2012-06-30,0.0,0.8188519636595007,6.7713636363636365,True,3,False
2012-07-31,0.0,0.4582741049178473,6.355,True,3,False
2012-08-31,0.0,0.09694543935391746,5.923043478260869,True,3,False
2012-09-30,0.0,0.11092273795168435,5.611428571428571,True,3,False
2012-10-31,0.0,0.05186163492778587,5.486521739130435,True,3,False
2012-11-30,0.0,0.16842365524327346,5.709090909090909,True,3,False
2012-12-31,0.0,0.05394874438770982,5.331904761904762,True,3,False
2013-01-31,0.0,0.0520722212696295,4.936521739130434,True,3,False
2013-02-28,0.0,0.06446347665773879,4.993,True,3,False
2013-03-31,0.0,0.016070382660234597,4.804090909090909,True,3,False
2013-04-30,0.0,0.03448564789907933,4.76409090909091,True,3,False
2013-05-31,0.0,0.027450408613649387,4.378260869565217,True,3,False
2013-06-30,0.0,0.13703641228870495,5.058095238095238,True,3,False
2013-07-31,0.0,0.02303761798401181,4.81695652173913,True,3,False
2013-08-31,0.0,0.10428460438489368,4.751363636363636,True,3,False
2013-09-30,0.0,0.0,4.642857142857143,True,3,False
2013-10-31,0.0,0.002529832935560859,4.554347826086956,True,3,False
2013-11-30,0.0,0.0,4.321363636363636,True,3,False
2013-12-31,0.0,0.006109296718369532,4.081363636363637,True,3,False
2014-01-31,0.0,0.006597419870760621,3.969130434782609,True,3,False
2014-02-28,0.0,0.006411621322666246,4.0305,True,3,False
2014-03-31,0.0,0.001089385474860335,3.8076190476190472,True,3,False
2014-04-30,0.0,0.0031283422459893045,3.7040909090909087,True,3,False
2014-05-31,0.0,0.0,3.75,True,3,False
2014-06-30,0.0,0.0,3.471904761904762,True,3,False
2014-07-31,0.0,0.0,3.653043478260869,True,3,False
2014-08-31,0.0,0.023366270933285135,3.9718181818181817,True,3,False
2014-09-30,0.0,0.2103003728943987,4.06,True,3,False
2014-10-31,0.0,0.20158762369260008,4.514347826086956,True,3,False
2014-11-30,0.0,0.37255878774080176,4.457619047619048,True,3,False
2014-12-31,0.0,0.3283789429954283,5.069565217391304,True,3,False
2015-01-31,0.0,0.5376625106512278,5.288695652173913,True,3,False
2015-02-28,0.0,0.2961813929544853,4.711428571428572,True,3,False
2015-03-31,0.0,0.0041540781685786045,4.664545454545455,True,3,False
2015-04-30,0.0,0.02693865688595598,4.635454545454546,True,3,False
2015-05-31,0.0,0.0031540342298288517,4.507727272727273,True,3,False
2015-06-30,0.0,0.0015770171149144254,4.66,True,3,False
2015-07-31,0.0,0.27233547754256154,5.106086956521739,True,3,False
2015-08-31,0.0,0.3411050625474191,5.658095238095238,True,3,False
2015-09-30,1.0,0.346585843758055,5.868181818181818,True,3,False
2015-10-31,1.0,0.6325469309208605,6.197391304347826,True,3,False
2015-11-30,1.0,0.7569724299006588,6.136190476190476,True,3,False
2015-12-31,1.0,0.616460684987771,6.8786956521739135,True,3,False
2016-01-31,1.0,0.9201506928359388,7.594545454545455,True,3,False
2016-02-29,0.0,0.9785133118207188,8.225714285714286,True,3,False
2016-03-31,0.0,0.588655880941188,6.980869565217391,True,3,False
2016-04-30,0.0,0.647862597577896,6.619545454545454,True,3,False
2016-05-31,0.0,0.46276448316117036,6.260909090909092,True,3,False
2016-06-30,0.0,0.504292986904606,6.104090909090909,True,3,False
2016-07-31,0.0,0.32354565950302044,5.649090909090909,True,3,False
2016-08-31,0.0,0.13542609535932626,5.3,True,3,False
2016-09-30,0.0,0.1184555606677211,5.1454545454545455,True,3,False
2016-10-31,0.0,0.07097514486377535,4.736666666666666,True,3,False
2016-11-30,0.0,0.14520498482114108,4.88909090909091,True,3,False
2016-12-31,0.0,0.07907051057720216,4.277391304347826,True,3,False
2017-01-31,0.0,0.028364160454843093,4.0209090909090905,True,3,False
2017-02-28,0.0,0.05377614827374561,3.853,True,3,False
2017-03-31,0.0,0.052861297252197244,3.898260869565217,True,3,False
2017-04-30,0.0,0.03261416316413844,3.9166666666666665,True,3,False
2017-05-31,0.0,0.025364977762527236,3.743478260869565,True,3,False
2017-06-30,0.0,0.0,3.7509090909090905,True,3,False
2017-07-31,0.0,0.021053026822906912,3.691904761904762,True,3,False
2017-08-31,0.0,0.01829037407983797,3.833913043478261,True,3,False
2017-09-30,0.0,0.014846835032634403,3.719090909090909,True,3,False
2017-10-31,0.0,0.0162822878264687,3.492272727272727,True,3,False
2017-11-30,0.0,0.014846835032634403,3.6818181818181817,True,3,False
2017-12-31,0.0,0.014846835032634403,3.6,True,3,False
2018-01-31,0.0,0.018277252072386695,3.361739130434782,True,3,False
2018-02-28,0.0,0.0,3.5420000000000003,True,3,False
2018-03-31,0.0,0.01932227902765251,3.645217391304348,True,3,False
2018-04-30,0.0,0.017774528989018448,3.473333333333333,True,3,False
2018-05-31,0.0,0.015696606911096374,3.468695652173913,True,3,False
2018-06-30,0.0,0.01877352998801945,3.4518181818181817,True,3,False
2018-07-31,0.0,0.016279201886214713,3.5900000000000003,True,3,False
2018-08-31,0.0,0.015696606911096374,3.4526086956521738,True,3,False
2018-09-30,0.0,0.03799047369782935,3.341428571428572,True,3,False
2018-10-31,0.0,0.015696606911096374,3.5191304347826087,True,3,False
2018-11-30,0.0,0.20575246046480242,4.017272727272727,True,3,False
2018-12-31,0.0,0.1689586206536381,4.791428571428572,True,3,False
2019-01-31,0.0,0.404623001448157,4.605217391304348,True,3,False
2019-02-28,0.0,0.17716479396246598,4.128,True,3,False
2019-03-31,0.0,0.06652608789137346,4.010454545454546,True,3,False
2019-04-30,0.0,0.0015722120658135284,3.780909090909091,True,3,False
2019-05-31,0.0,0.02304807002641911,4.06391304347826,True,3,False
2019-06-30,0.0,0.11571781592644637,4.214285714285714,True,3,False
2019-07-31,0.0,0.03636074910103887,3.997391304347826,True,3,False
2019-08-31,0.0,0.06681450535670574,4.293913043478261,True,3,False
2019-09-30,0.0,0.0,3.943809523809524,True,3,False
2019-10-31,0.0,0.0021662468513853903,4.098260869565218,True,3,False
2019-11-30,0.0,0.010238055915422801,4.047272727272727,True,3,False
2019-12-31,1.0,0.007215208815247056,3.713181818181818,True,3,False
2020-01-31,1.0,0.0,3.601304347826087,True,3,False
2020-02-29,1.0,0.0,3.921904761904762,True,3,False
2020-03-31,0.0,0.7269355503356039,7.854090909090909,True,3,False
2020-04-30,0.0,0.9290247497391171,8.129999999999999,True,3,False
2020-05-31,0.0,0.8861169289013052,7.287272727272727,True,3,False
2020-06-30,0.0,0.4242658704429224,6.066363636363636,True,3,False
2020-07-31,0.0,0.3976737114094066,5.699565217391305,True,3,False
2020-08-31,0.0,0.3033769577053583,5.123809523809523,True,3,False
2020-09-30,0.0,0.1634829751085073,5.26,True,3,False
2020-10-31,0.0,0.20313527820151767,5.052173913043478,True,3,False
2020-11-30,0.0,0.16460052792845586,4.525238095238096,True,3,False
2020-12-31,0.0,0.04356314659966897,4.044782608695653,True,3,False
2021-01-31,0.0,0.0667758097543531,3.784090909090909,True,3,False
2021-02-28,0.0,0.05077115501061689,3.526190476190476,True,3,False
2021-03-31,0.0,0.12333304937819588,3.5473913043478262,True,3,False
2021-04-30,0.0,0.05699622427986033,3.2709090909090905,True,3,False
2021-05-31,0.0,0.023352360599185547,3.333809523809524,True,3,False
2021-06-30,0.0,0.0,3.174545454545455,True,3,False
2021-07-31,0.0,0.0,3.17304347826087,True,3,False
2021-08-31,0.0,0.018882443808107923,3.321363636363636,True,3,False
2021-09-30,0.0,0.045161081244489074,3.117272727272727,True,3,False
2021-10-31,0.0,0.006607527582519545,3.149090909090909,True,3,False
2021-11-30,0.0,0.010576319984147766,3.2245454545454546,True,3,False
2021-12-31,0.0,0.026501231520518535,3.2630434782608693,True,3,False
2022-01-31,0.0,0.012477636572514595,3.2247619047619045,True,3,False
2022-02-28,0.0,0.06983933641749338,3.646,True,3,False
2022-03-31,0.0,0.25847060839328406,3.788695652173913,True,3,False
2022-04-30,0.0,0.10724716616601952,3.6536363636363633,True,3,False
2022-05-31,0.0,0.13702360547693265,4.487727272727273,True,3,False
2022-06-30,0.0,0.2015707086392412,4.87,False,3,False
2022-07-31,0.0,0.5295099045831784,5.300909090909091,False,3,False
2022-08-31,0.0,0.28544987492665636,4.8,False,3,False
2009-01-31,1.0,0.8929423048226534,16.79391304347826,True,3,True
2009-02-28,1.0,0.7421131831612284,16.536190476190477,True,3,True
2009-03-31,1.0,0.736469489520002,17.837727272727275,True,3,True
2009-04-30,1.0,0.7334484947914419,15.623636363636365,True,3,True
2009-05-31,1.0,0.736469489520002,12.50590909090909,True,3,True
2009-06-30,1.0,0.736469489520002,10.80590909090909,True,3,True
2009-07-31,1.0,0.736469489520002,10.27,True,3,True
2009-08-31,1.0,0.736469489520002,8.971428571428572,True,3,True
2009-09-30,1.0,0.736469489520002,8.452272727272726,True,3,True
2009-10-31,0.0,0.6923913360592462,7.76304347826087,True,3,True
2009-11-30,1.0,0.6759357428467636,7.561904761904763,True,3,True
2009-12-31,0.0,0.4653755301770078,6.919130434782608,True,3,True
2010-01-31,0.0,0.3773224076098479,6.233181818181818,True,3,True
2010-02-28,1.0,0.6562618643459964,6.730952380952381,True,3,True
2010-03-31,1.0,0.502321253209296,6.121739130434783,True,3,True
2010-04-30,1.0,0.16406683585841747,5.6040909090909095,True,3,True
2010-05-31,1.0,0.6997186940535086,6.5009523809523815,True,3,True
2010-06-30,0.0,0.9213893724576591,7.016818181818182,True,3,True
2010-07-31,0.0,0.897508772823719,6.778695652173913,True,3,True
2010-08-31,0.0,0.8774555573830465,6.755909090909091,True,3,True
2010-09-30,0.0,0.6132535036525525,6.421363636363637,True,3,True
2010-10-31,0.0,0.3123591520843865,6.008181818181819,True,3,True
2010-11-30,0.0,0.16850179433054024,5.872727272727272,True,3,True
2010-12-31,0.0,0.08368738516953694,5.551304347826087,True,3,True
2011-01-31,0.0,0.04656644751115884,5.1242857142857146,True,3,True
2011-02-28,0.0,0.14662758707650575,4.657500000000001,True,3,True
2011-03-31,0.0,0.0665543603915863,4.8365217391304345,True,3,True
2011-04-30,0.0,0.07637764840190775,4.661818181818182,True,3,True
2011-05-31,1.0,0.17200490121159523,4.846818181818182,True,3,True
2011-06-30,1.0,0.24289598356810924,5.49,True,3,True
2011-07-31,1.0,0.23953026106576186,5.434545454545455,True,3,True
2011-08-31,1.0,0.8170967866553001,6.990434782608696,True,3,True
2011-09-30,1.0,0.9580630395991712,7.675454545454546,True,3,True
2011-10-31,1.0,0.9377263224524951,7.908571428571429,True,3,True
2011-11-30,0.0,0.9375140586072981,7.606363636363636,True,3,True
2011-12-31,0.0,0.8757720767548054,7.510434782608696,True,3,True
2012-01-31,0.0,0.5480588914699874,6.8531818181818185,True,3,True
2012-02-29,0.0,0.39611414628863817,6.244285714285714,True,3,True
2012-03-31,1.0,0.23153616226496343,5.96304347826087,True,3,True
2012-04-30,0.0,0.7454315115657058,6.12952380952381,True,3,True
2012-05-31,0.0,0.7712410836464676,6.313478260869566,True,3,True
2012-06-30,0.0,0.8188519636595007,6.7713636363636365,True,3,True
2012-07-31,0.0,0.4582741049178473,6.355,True,3,True
2012-08-31,0.0,0.09694543935391746,5.923043478260869,True,3,True
2012-09-30,0.0,0.11092273795168434,5.611428571428571,True,3,True
2012-10-31,0.0,0.05186163492778587,5.486521739130435,True,3,True
2012-11-30,0.0,0.1684236552432735,5.709090909090909,True,3,True
2012-12-31,0.0,0.05394874438770982,5.331904761904762,True,3,True
2013-01-31,0.0,0.0520722212696295,4.936521739130434,True,3,True
2013-02-28,0.0,0.06446347665773879,4.993,True,3,True
2013-03-31,0.0,0.016070382660234597,4.804090909090909,True,3,True
2013-04-30,0.0,0.03448564789907933,4.76409090909091,True,3,True
2013-05-31,0.0,0.027450408613649387,4.378260869565217,True,3,True
2013-06-30,0.0,0.13703641228870495,5.058095238095238,True,3,True
2013-07-31,0.0,0.02303761798401181,4.81695652173913,True,3,True
2013-08-31,0.0,0.10428460438489368,4.751363636363636,True,3,True
2013-09-30,0.0,0.0,4.642857142857143,True,3,True
2013-10-31,0.0,0.002529832935560859,4.554347826086956,True,3,True
2013-11-30,0.0,0.0,4.321363636363636,True,3,True
2013-12-31,0.0,0.006109296718369532,4.081363636363637,True,3,True
2014-01-31,0.0,0.006597419870760621,3.969130434782609,True,3,True
2014-02-28,0.0,0.006411621322666246,4.0305,True,3,True
2014-03-31,0.0,0.001089385474860335,3.8076190476190472,True,3,True
2014-04-30,0.0,0.0031283422459893045,3.7040909090909087,True,3,True
2014-05-31,0.0,0.0,3.75,True,3,True
2014-06-30,0.0,0.0,3.471904761904762,True,3,True
2014-07-31,0.0,0.0,3.653043478260869,True,3,True
2014-08-31,0.0,0.023366270933285135,3.9718181818181817,True,3,True
2014-09-30,0.0,0.2103003728943987,4.06,True,3,True
2014-10-31,0.0,0.20158762369260008,4.514347826086956,True,3,True
2014-11-30,0.0,0.37255878774080176,4.457619047619048,True,3,True
2014-12-31,0.0,0.3283789429954283,5.069565217391304,True,3,True
2015-01-31,0.0,0.5376625106512278,5.288695652173913,True,3,True
2015-02-28,0.0,0.2961813929544853,4.711428571428572,True,3,True
2015-03-31,0.0,0.0041540781685786045,4.664545454545455,True,3,True
2015-04-30,0.0,0.02693865688595598,4.635454545454546,True,3,True
2015-05-31,0.0,0.0031540342298288517,4.507727272727273,True,3,True
2015-06-30,0.0,0.0015770171149144254,4.66,True,3,True
2015-07-31,0.0,0.27233547754256154,5.106086956521739,True,3,True
2015-08-31,0.0,0.3411050625474191,5.658095238095238,True,3,True
2015-09-30,1.0,0.346585843758055,5.868181818181818,True,3,True
2015-10-31,1.0,0.6325469309208606,6.197391304347826,True,3,True
2015-11-30,1.0,0.7569724299006588,6.136190476190476,True,3,True
2015-12-31,1.0,0.616460684987771,6.8786956521739135,True,3,True
2016-01-31,1.0,0.9201506928359388,7.594545454545455,True,3,True
2016-02-29,0.0,0.9785133118207188,8.225714285714286,True,3,True
2016-03-31,0.0,0.5886558809411881,6.980869565217391,True,3,True
2016-04-30,0.0,0.647862597577896,6.619545454545454,True,3,True
2016-05-31,0.0,0.46276448316117025,6.260909090909092,True,3,True
2016-06-30,0.0,0.504292986904606,6.104090909090909,True,3,True
2016-07-31,0.0,0.32354565950302044,5.649090909090909,True,3,True
2016-08-31,0.0,0.13542609535932626,5.3,True,3,True
2016-09-30,0.0,0.1184555606677211,5.1454545454545455,True,3,True
2016-10-31,0.0,0.07097514486377535,4.736666666666666,True,3,True
2016-11-30,0.0,0.14520498482114108,4.88909090909091,True,3,True
2016-12-31,0.0,0.07907051057720216,4.277391304347826,True,3,True
2017-01-31,0.0,0.028364160454843093,4.0209090909090905,True,3,True
2017-02-28,0.0,0.05377614827374561,3.853,True,3,True
2017-03-31,0.0,0.052861297252197244,3.898260869565217,True,3,True
2017-04-30,0.0,0.03261416316413844,3.9166666666666665,True,3,True
2017-05-31,0.0,0.025364977762527236,3.743478260869565,True,3,True
2017-06-30,0.0,0.0,3.7509090909090905,True,3,True
2017-07-31,0.0,0.021053026822906912,3.691904761904762,True,3,True
2017-08-31,0.0,0.01829037407983797,3.833913043478261,True,3,True
2017-09-30,0.0,0.014846835032634403,3.719090909090909,True,3,True
2017-10-31,0.0,0.0162822878264687,3.492272727272727,True,3,True
2017-11-30,0.0,0.014846835032634403,3.6818181818181817,True,3,True
2017-12-31,0.0,0.014846835032634403,3.6,True,3,True
2018-01-31,0.0,0.018277252072386695,3.361739130434782,True,3,True
2018-02-28,0.0,0.0,3.5420000000000003,True,3,True
2018-03-31,0.0,0.01932227902765251,3.645217391304348,True,3,True
2018-04-30,0.0,0.017774528989018448,3.473333333333333,True,3,True
2018-05-31,0.0,0.015696606911096374,3.468695652173913,True,3,True
2018-06-30,0.0,0.01877352998801945,3.4518181818181817,True,3,True
2018-07-31,0.0,0.016279201886214713,3.5900000000000003,True,3,True
2018-08-31,0.0,0.015696606911096374,3.4526086956521738,True,3,True
2018-09-30,0.0,0.03799047369782935,3.341428571428572,True,3,True
2018-10-31,0.0,0.015696606911096374,3.5191304347826087,True,3,True
2018-11-30,0.0,0.20575246046480242,4.017272727272727,True,3,True
2018-12-31,0.0,0.1689586206536381,4.791428571428572,True,3,True
2019-01-31,0.0,0.404623001448157,4.605217391304348,True,3,True
2019-02-28,0.0,0.17716479396246598,4.128,True,3,True
2019-03-31,0.0,0.06652608789137346,4.010454545454546,True,3,True
2019-04-30,0.0,0.0015722120658135284,3.780909090909091,True,3,True
2019-05-31,0.0,0.02304807002641911,4.06391304347826,True,3,True
2019-06-30,0.0,0.11571781592644637,4.214285714285714,True,3,True
2019-07-31,0.0,0.03636074910103887,3.997391304347826,True,3,True
2019-08-31,0.0,0.06681450535670574,4.293913043478261,True,3,True
2019-09-30,0.0,0.0,3.943809523809524,True,3,True
2019-10-31,0.0,0.0021662468513853903,4.098260869565218,True,3,True
2019-11-30,0.0,0.010238055915422801,4.047272727272727,True,3,True
2019-12-31,1.0,0.007215208815247056,3.713181818181818,True,3,True
2020-01-31,1.0,0.0,3.601304347826087,True,3,True
2020-02-29,1.0,0.0,3.921904761904762,True,3,True
2020-03-31,0.0,0.7269355503356039,7.854090909090909,True,3,True
2020-04-30,0.0,0.9290247497391171,8.129999999999999,True,3,True
2020-05-31,0.0,0.8861169289013054,7.287272727272727,True,3,True
2020-06-30,0.0,0.4242658704429224,6.066363636363636,True,3,True
2020-07-31,0.0,0.3976737114094066,5.699565217391305,True,3,True
2020-08-31,0.0,0.3033769577053583,5.123809523809523,True,3,True
2020-09-30,0.0,0.1634829751085073,5.26,True,3,True
2020-10-31,0.0,0.20313527820151767,5.052173913043478,True,3,True
2020-11-30,0.0,0.16460052792845586,4.525238095238096,True,3,True
2020-12-31,0.0,0.04356314659966897,4.044782608695653,True,3,True
2021-01-31,0.0,0.0667758097543531,3.784090909090909,True,3,True
2021-02-28,0.0,0.05077115501061689,3.526190476190476,True,3,True
2021-03-31,0.0,0.12333304937819589,3.5473913043478262,True,3,True
2021-04-30,0.0,0.05699622427986033,3.2709090909090905,True,3,True
2021-05-31,0.0,0.023352360599185547,3.333809523809524,True,3,True
2021-06-30,0.0,0.0,3.174545454545455,True,3,True
2021-07-31,0.0,0.0,3.17304347826087,True,3,True
2021-08-31,0.0,0.018882443808107923,3.321363636363636,True,3,True
2021-09-30,0.0,0.045161081244489074,3.117272727272727,True,3,True
2021-10-31,0.0,0.006607527582519545,3.149090909090909,True,3,True
2021-11-30,0.0,0.010576319984147766,3.2245454545454546,True,3,True
2021-12-31,0.0,0.026501231520518535,3.2630434782608693,True,3,True
2022-01-31,0.0,0.012477636572514595,3.2247619047619045,True,3,True
2022-02-28,0.0,0.06983933641749338,3.646,True,3,True
2022-03-31,0.0,0.25847060839328406,3.788695652173913,True,3,True
2022-04-30,0.0,0.10724716616601952,3.6536363636363633,True,3,True
2022-05-31,0.0,0.13702360547693265,4.487727272727273,True,3,True
2009-01-31,1.0,0.9083230237198981,16.79391304347826,True,6,False
2009-02-28,1.0,0.5474059501604387,16.536190476190477,True,6,False
2009-03-31,1.0,0.5328075586359701,17.837727272727275,True,6,False
2009-04-30,1.0,0.5516292511313124,15.623636363636365,True,6,False
2009-05-31,1.0,0.5328075586359701,12.50590909090909,True,6,False
2009-06-30,1.0,0.5328075586359701,10.80590909090909,True,6,False
2009-07-31,0.0,0.5328075586359701,10.27,True,6,False
2009-08-31,1.0,0.5168729623893946,8.971428571428572,True,6,False
2009-09-30,0.0,0.4946610042953549,8.452272727272726,True,6,False
2009-10-31,0.0,0.5215610080400096,7.76304347826087,True,6,False
2009-11-30,1.0,0.5396560185464733,7.561904761904763,True,6,False
2009-12-31,1.0,0.3481340069127258,6.919130434782608,True,6,False
2010-01-31,1.0,0.32002093310567203,6.233181818181818,True,6,False
2010-02-28,1.0,0.5968556903167748,6.730952380952381,True,6,False
2010-03-31,0.0,0.5806468212433047,6.121739130434783,True,6,False
2010-04-30,0.0,0.25473793904015457,5.6040909090909095,True,6,False
2010-05-31,0.0,0.7284355992683466,6.5009523809523815,True,6,False
2010-06-30,0.0,0.9383806053462136,7.016818181818182,True,6,False
2010-07-31,0.0,0.9293766440234704,6.778695652173913,True,6,False
2010-08-31,0.0,0.8992172128725764,6.755909090909091,True,6,False
2010-09-30,0.0,0.6390266368859203,6.421363636363637,True,6,False
2010-10-31,0.0,0.537392356132153,6.008181818181819,True,6,False
2010-11-30,0.0,0.3875149981399304,5.872727272727272,True,6,False
2010-12-31,0.0,0.15279083100416668,5.551304347826087,True,6,False
2011-01-31,0.0,0.04090074744648924,5.1242857142857146,True,6,False
2011-02-28,1.0,0.08376667090552603,4.657500000000001,True,6,False
2011-03-31,1.0,0.10314616044996218,4.8365217391304345,True,6,False
2011-04-30,1.0,0.07541699322561576,4.661818181818182,True,6,False
2011-05-31,1.0,0.2046479961366607,4.846818181818182,True,6,False
2011-06-30,1.0,0.6311051015193795,5.49,True,6,False
2011-07-31,1.0,0.6614369582272941,5.434545454545455,True,6,False
2011-08-31,0.0,0.9125121833179984,6.990434782608696,True,6,False
2011-09-30,0.0,0.9389380474928035,7.675454545454546,True,6,False
2011-10-31,0.0,0.9521087156097668,7.908571428571429,True,6,False
2011-11-30,0.0,0.9588167280441472,7.606363636363636,True,6,False
2011-12-31,1.0,0.8922160997134906,7.510434782608696,True,6,False
2012-01-31,0.0,0.6263313055370627,6.8531818181818185,True,6,False
2012-02-29,0.0,0.4689623669136219,6.244285714285714,True,6,False
2012-03-31,0.0,0.26024842857965014,5.96304347826087,True,6,False
2012-04-30,0.0,0.35429169149007045,6.12952380952381,True,6,False
2012-05-31,0.0,0.5441206659816877,6.313478260869566,True,6,False
2012-06-30,0.0,0.8200789152587269,6.7713636363636365,True,6,False
2012-07-31,0.0,0.52270378600891,6.355,True,6,False
2012-08-31,0.0,0.26120789923265186,5.923043478260869,True,6,False
2012-09-30,0.0,0.14963836393509058,5.611428571428571,True,6,False
2012-10-31,0.0,0.10715580357566117,5.486521739130435,True,6,False
2012-11-30,0.0,0.11150028081779173,5.709090909090909,True,6,False
2012-12-31,0.0,0.059227074545389204,5.331904761904762,True,6,False
2013-01-31,0.0,0.05462315380697733,4.936521739130434,True,6,False
2013-02-28,0.0,0.07822776449556636,4.993,True,6,False
2013-03-31,0.0,0.06905133347045112,4.804090909090909,True,6,False
2013-04-30,0.0,0.09794760608104598,4.76409090909091,True,6,False
2013-05-31,0.0,0.06548106060606061,4.378260869565217,True,6,False
2013-06-30,0.0,0.1801938454767739,5.058095238095238,True,6,False
2013-07-31,0.0,0.06433342637754404,4.81695652173913,True,6,False
2013-08-31,0.0,0.21578595924535823,4.751363636363636,True,6,False
2013-09-30,0.0,0.05612562437562438,4.642857142857143,True,6,False
2013-10-31,0.0,0.058680832325569164,4.554347826086956,True,6,False
2013-11-30,0.0,0.051429820179820174,4.321363636363636,True,6,False
2013-12-31,0.0,0.002727272727272727,4.081363636363637,True,6,False
2014-01-31,0.0,0.004334187334101113,3.969130434782609,True,6,False
2014-02-28,0.0,0.006105368377926395,4.0305,True,6,False
2014-03-31,0.0,0.0022566841674000787,3.8076190476190472,True,6,False
2014-04-30,0.0,0.0031283422459893045,3.7040909090909087,True,6,False
2014-05-31,0.0,0.0,3.75,True,6,False
2014-06-30,0.0,0.005416434659699318,3.471904761904762,True,6,False
2014-07-31,0.0,0.0,3.653043478260869,True,6,False
2014-08-31,0.0,0.03276780038843023,3.9718181818181817,True,6,False
2014-09-30,0.0,0.29940675109340237,4.06,True,6,False
2014-10-31,0.0,0.5408915683573867,4.514347826086956,True,6,False
2014-11-30,0.0,0.45635276328002417,4.457619047619048,True,6,False
2014-12-31,0.0,0.6460444154121512,5.069565217391304,True,6,False
2015-01-31,0.0,0.671181768009695,5.288695652173913,True,6,False
2015-02-28,0.0,0.5745242821630585,4.711428571428572,True,6,False
2015-03-31,0.0,0.06803792729601277,4.664545454545455,True,6,False
2015-04-30,0.0,0.025816637539273733,4.635454545454546,True,6,False
2015-05-31,0.0,0.029137429855860743,4.507727272727273,True,6,False
2015-06-30,1.0,0.049036729153207406,4.66,True,6,False
2015-07-31,1.0,0.2908099853261385,5.106086956521739,True,6,False
2015-08-31,1.0,0.6741995540801606,5.658095238095238,True,6,False
2015-09-30,1.0,0.5933168304143597,5.868181818181818,True,6,False
2015-10-31,1.0,0.7677844828919446,6.197391304347826,True,6,False
2015-11-30,0.0,0.6556577446143876,6.136190476190476,True,6,False
2015-12-31,0.0,0.6697430582121521,6.8786956521739135,True,6,False
2016-01-31,0.0,0.8234654033998245,7.594545454545455,True,6,False
2016-02-29,0.0,0.8890787581143799,8.225714285714286,True,6,False
2016-03-31,0.0,0.5875603440244629,6.980869565217391,True,6,False
2016-04-30,0.0,0.4378223395523637,6.619545454545454,True,6,False
2016-05-31,0.0,0.29405637276745467,6.260909090909092,True,6,False
2016-06-30,0.0,0.1260176274990851,6.104090909090909,True,6,False
2016-07-31,0.0,0.09379271693898886,5.649090909090909,True,6,False
2016-08-31,0.0,0.1538243273280849,5.3,True,6,False
2016-09-30,0.0,0.30742655839062083,5.1454545454545455,True,6,False
2016-10-31,0.0,0.4828661245386885,4.736666666666666,True,6,False
2016-11-30,0.0,0.452387117152063,4.88909090909091,True,6,False
2016-12-31,0.0,0.1748774229441468,4.277391304347826,True,6,False
2017-01-31,0.0,0.02704385077578634,4.0209090909090905,True,6,False
2017-02-28,0.0,0.07312294603059785,3.853,True,6,False
2017-03-31,0.0,0.1614737904473888,3.898260869565217,True,6,False
2017-04-30,0.0,0.02837173272887483,3.9166666666666665,True,6,False
2017-05-31,0.0,0.02776740981889339,3.743478260869565,True,6,False
2017-06-30,0.0,0.01624935730865383,3.7509090909090905,True,6,False
2017-07-31,0.0,0.08702165579119754,3.691904761904762,True,6,False
2017-08-31,0.0,0.0621615714348396,3.833913043478261,True,6,False
2017-09-30,0.0,0.06438235740030561,3.719090909090909,True,6,False
2017-10-31,0.0,0.08807910024675585,3.492272727272727,True,6,False
2017-11-30,0.0,0.09662577771463786,3.6818181818181817,True,6,False
2017-12-31,0.0,0.10176288197009838,3.6,True,6,False
2018-01-31,0.0,0.09967205827916381,3.361739130434782,True,6,False
2018-02-28,0.0,0.019618744078360003,3.5420000000000003,True,6,False
2018-03-31,0.0,0.09887331256398388,3.645217391304348,True,6,False
2018-04-30,0.0,0.05486896286107488,3.473333333333333,True,6,False
2018-05-31,0.0,0.062351978593556456,3.468695652173913,True,6,False
2018-06-30,0.0,0.07778099222831483,3.4518181818181817,True,6,False
2018-07-31,0.0,0.05184222726211958,3.5900000000000003,True,6,False
2018-08-31,0.0,0.057043275554383426,3.4526086956521738,True,6,False
2018-09-30,0.0,0.07961253211270625,3.341428571428572,True,6,False
2018-10-31,0.0,0.056744597833310845,3.5191304347826087,True,6,False
2018-11-30,0.0,0.17053823404841847,4.017272727272727,True,6,False
2018-12-31,0.0,0.4904733335544764,4.791428571428572,True,6,False
2019-01-31,0.0,0.6590657506644005,4.605217391304348,True,6,False
2019-02-28,0.0,0.3547662672595298,4.128,True,6,False
2019-03-31,0.0,0.2547807738276433,4.010454545454546,True,6,False
2019-04-30,0.0,0.0018220338983050846,3.780909090909091,True,6,False
2019-05-31,0.0,0.01373537941264707,4.06391304347826,True,6,False
2019-06-30,0.0,0.08586760219505914,4.214285714285714,True,6,False
2019-07-31,0.0,0.05454705080087892,3.997391304347826,True,6,False
2019-08-31,0.0,0.054387664422094556,4.293913043478261,True,6,False
2019-09-30,1.0,0.0,3.943809523809524,True,6,False
2019-10-31,1.0,0.0031617647058823526,4.098260869565218,True,6,False
2019-11-30,1.0,0.07505735260031558,4.047272727272727,True,6,False
2019-12-31,0.0,0.08580571244407385,3.713181818181818,True,6,False
2020-01-31,0.0,0.011056904206811016,3.601304347826087,True,6,False
2020-02-29,0.0,0.003102866779089376,3.921904761904762,True,6,False
2020-03-31,0.0,0.7387301067130407,7.854090909090909,True,6,False
2020-04-30,0.0,0.8154734140578437,8.129999999999999,True,6,False
2020-05-31,0.0,0.7183221761898098,7.287272727272727,True,6,False
2020-06-30,0.0,0.42581259978299374,6.066363636363636,True,6,False
2020-07-31,0.0,0.3879114235509936,5.699565217391305,True,6,False
2020-08-31,0.0,0.3919980200063712,5.123809523809523,True,6,False
2020-09-30,0.0,0.2774788151295198,5.26,True,6,False
2020-10-31,0.0,0.33933226826326873,5.052173913043478,True,6,False
2020-11-30,0.0,0.3176065897435334,4.525238095238096,True,6,False
2020-12-31,0.0,0.23849271239718597,4.044782608695653,True,6,False
2021-01-31,0.0,0.27309251508490545,3.784090909090909,True,6,False
2021-02-28,0.0,0.16049121116206105,3.526190476190476,True,6,False
2021-03-31,0.0,0.19545212606388046,3.5473913043478262,True,6,False
2021-04-30,0.0,0.25811805990704956,3.2709090909090905,True,6,False
2021-05-31,0.0,0.03522598981702618,3.333809523809524,True,6,False
2021-06-30,0.0,0.018374627481643237,3.174545454545455,True,6,False
2021-07-31,0.0,0.007790039121477893,3.17304347826087,True,6,False
2021-08-31,0.0,0.017937749888494496,3.321363636363636,True,6,False
2021-09-30,0.0,0.1105739700324407,3.117272727272727,True,6,False
2021-10-31,0.0,0.024375452889537876,3.149090909090909,True,6,False
2021-11-30,0.0,0.024375452889537876,3.2245454545454546,True,6,False
2021-12-31,0.0,0.03790386560996858,3.2630434782608693,True,6,False
2022-01-31,0.0,0.03253412563546631,3.2247619047619045,True,6,False
2022-02-28,0.0,0.06094090577820306,3.646,True,6,False
2022-03-31,0.0,0.12465168933188397,3.788695652173913,False,6,False
2022-04-30,0.0,0.06909167440644884,3.6536363636363633,False,6,False
2022-05-31,0.0,0.38630180561887323,4.487727272727273,False,6,False
2022-06-30,0.0,0.36353967282251454,4.87,False,6,False
2022-07-31,0.0,0.6063175563153725,5.300909090909091,False,6,False
2022-08-31,0.0,0.4409594804033475,4.8,False,6,False
2009-01-31,1.0,0.9083230237198981,16.79391304347826,True,6,True
2009-02-28,1.0,0.5474059501604386,16.536190476190477,True,6,True
2009-03-31,1.0,0.5328075586359701,17.837727272727275,True,6,True
2009-04-30,1.0,0.5516292511313123,15.623636363636365,True,6,True
2009-05-31,1.0,0.5328075586359701,12.50590909090909,True,6,True
2009-06-30,1.0,0.5328075586359701,10.80590909090909,True,6,True
2009-07-31,0.0,0.5328075586359701,10.27,True,6,True
2009-08-31,1.0,0.5168729623893945,8.971428571428572,True,6,True
2009-09-30,0.0,0.4946610042953549,8.452272727272726,True,6,True
2009-10-31,0.0,0.5215610080400096,7.76304347826087,True,6,True
2009-11-30,1.0,0.5396560185464733,7.561904761904763,True,6,True
2009-12-31,1.0,0.3481340069127258,6.919130434782608,True,6,True
2010-01-31,1.0,0.3200209331056721,6.233181818181818,True,6,True
2010-02-28,1.0,0.5968556903167747,6.730952380952381,True,6,True
2010-03-31,0.0,0.5806468212433047,6.121739130434783,True,6,True
2010-04-30,0.0,0.25473793904015457,5.6040909090909095,True,6,True
2010-05-31,0.0,0.7284355992683464,6.5009523809523815,True,6,True
2010-06-30,0.0,0.9383806053462136,7.016818181818182,True,6,True
2010-07-31,0.0,0.9293766440234705,6.778695652173913,True,6,True
2010-08-31,0.0,0.8992172128725763,6.755909090909091,True,6,True
2010-09-30,0.0,0.6390266368859203,6.421363636363637,True,6,True
2010-10-31,0.0,0.537392356132153,6.008181818181819,True,6,True
2010-11-30,0.0,0.3875149981399304,5.872727272727272,True,6,True
2010-12-31,0.0,0.15279083100416668,5.551304347826087,True,6,True
2011-01-31,0.0,0.04090074744648924,5.1242857142857146,True,6,True
2011-02-28,1.0,0.08376667090552602,4.657500000000001,True,6,True
2011-03-31,1.0,0.10314616044996218,4.8365217391304345,True,6,True
2011-04-30,1.0,0.07541699322561576,4.661818181818182,True,6,True
2011-05-31,1.0,0.2046479961366607,4.846818181818182,True,6,True
2011-06-30,1.0,0.6311051015193795,5.49,True,6,True
2011-07-31,1.0,0.6614369582272941,5.434545454545455,True,6,True
2011-08-31,0.0,0.9125121833179984,6.990434782608696,True,6,True
2011-09-30,0.0,0.9389380474928035,7.675454545454546,True,6,True
2011-10-31,0.0,0.9521087156097668,7.908571428571429,True,6,True
2011-11-30,0.0,0.9588167280441473,7.606363636363636,True,6,True
2011-12-31,1.0,0.8922160997134906,7.510434782608696,True,6,True
2012-01-31,0.0,0.6263313055370627,6.8531818181818185,True,6,True
2012-02-29,0.0,0.4689623669136219,6.244285714285714,True,6,True
2012-03-31,0.0,0.26024842857965014,5.96304347826087,True,6,True
2012-04-30,0.0,0.35429169149007045,6.12952380952381,True,6,True
2012-05-31,0.0,0.5441206659816877,6.313478260869566,True,6,True
2012-06-30,0.0,0.8200789152587269,6.7713636363636365,True,6,True
2012-07-31,0.0,0.52270378600891,6.355,True,6,True
2012-08-31,0.0,0.26120789923265186,5.923043478260869,True,6,True
2012-09-30,0.0,0.14963836393509058,5.611428571428571,True,6,True
2012-10-31,0.0,0.10715580357566117,5.486521739130435,True,6,True
2012-11-30,0.0,0.11150028081779173,5.709090909090909,True,6,True
2012-12-31,0.0,0.059227074545389204,5.331904761904762,True,6,True
2013-01-31,0.0,0.05462315380697733,4.936521739130434,True,6,True
2013-02-28,0.0,0.07822776449556636,4.993,True,6,True
2013-03-31,0.0,0.06905133347045112,4.804090909090909,True,6,True
2013-04-30,0.0,0.09794760608104598,4.76409090909091,True,6,True
2013-05-31,0.0,0.06548106060606061,4.378260869565217,True,6,True
2013-06-30,0.0,0.1801938454767739,5.058095238095238,True,6,True
2013-07-31,0.0,0.06433342637754404,4.81695652173913,True,6,True
2013-08-31,0.0,0.21578595924535823,4.751363636363636,True,6,True
2013-09-30,0.0,0.05612562437562438,4.642857142857143,True,6,True
2013-10-31,0.0,0.058680832325569164,4.554347826086956,True,6,True
2013-11-30,0.0,0.051429820179820174,4.321363636363636,True,6,True
2013-12-31,0.0,0.002727272727272727,4.081363636363637,True,6,True
2014-01-31,0.0,0.004334187334101113,3.969130434782609,True,6,True
2014-02-28,0.0,0.006105368377926395,4.0305,True,6,True
2014-03-31,0.0,0.0022566841674000787,3.8076190476190472,True,6,True
2014-04-30,0.0,0.0031283422459893045,3.7040909090909087,True,6,True
2014-05-31,0.0,0.0,3.75,True,6,True
2014-06-30,0.0,0.005416434659699318,3.471904761904762,True,6,True
2014-07-31,0.0,0.0,3.653043478260869,True,6,True
2014-08-31,0.0,0.03276780038843023,3.9718181818181817,True,6,True
2014-09-30,0.0,0.2994067510934024,4.06,True,6,True
2014-10-31,0.0,0.5408915683573867,4.514347826086956,True,6,True
2014-11-30,0.0,0.4563527632800241,4.457619047619048,True,6,True
2014-12-31,0.0,0.6460444154121512,5.069565217391304,True,6,True
2015-01-31,0.0,0.671181768009695,5.288695652173913,True,6,True
2015-02-28,0.0,0.5745242821630585,4.711428571428572,True,6,True
2015-03-31,0.0,0.06803792729601277,4.664545454545455,True,6,True
2015-04-30,0.0,0.025816637539273733,4.635454545454546,True,6,True
2015-05-31,0.0,0.029137429855860743,4.507727272727273,True,6,True
2015-06-30,1.0,0.049036729153207406,4.66,True,6,True
2015-07-31,1.0,0.2908099853261385,5.106086956521739,True,6,True
2015-08-31,1.0,0.6741995540801606,5.658095238095238,True,6,True
2015-09-30,1.0,0.5933168304143599,5.868181818181818,True,6,True
2015-10-31,1.0,0.7677844828919446,6.197391304347826,True,6,True
2015-11-30,0.0,0.6556577446143875,6.136190476190476,True,6,True
2015-12-31,0.0,0.6697430582121521,6.8786956521739135,True,6,True
2016-01-31,0.0,0.8234654033998245,7.594545454545455,True,6,True
2016-02-29,0.0,0.8890787581143798,8.225714285714286,True,6,True
2016-03-31,0.0,0.5875603440244629,6.980869565217391,True,6,True
2016-04-30,0.0,0.4378223395523637,6.619545454545454,True,6,True
2016-05-31,0.0,0.2940563727674547,6.260909090909092,True,6,True
2016-06-30,0.0,0.12601762749908513,6.104090909090909,True,6,True
2016-07-31,0.0,0.09379271693898886,5.649090909090909,True,6,True
2016-08-31,0.0,0.1538243273280849,5.3,True,6,True
2016-09-30,0.0,0.3074265583906208,5.1454545454545455,True,6,True
2016-10-31,0.0,0.48286612453868843,4.736666666666666,True,6,True
2016-11-30,0.0,0.452387117152063,4.88909090909091,True,6,True
2016-12-31,0.0,0.1748774229441468,4.277391304347826,True,6,True
2017-01-31,0.0,0.02704385077578634,4.0209090909090905,True,6,True
2017-02-28,0.0,0.07312294603059785,3.853,True,6,True
2017-03-31,0.0,0.1614737904473888,3.898260869565217,True,6,True
2017-04-30,0.0,0.02837173272887483,3.9166666666666665,True,6,True
2017-05-31,0.0,0.02776740981889339,3.743478260869565,True,6,True
2017-06-30,0.0,0.01624935730865383,3.7509090909090905,True,6,True
2017-07-31,0.0,0.08702165579119754,3.691904761904762,True,6,True
2017-08-31,0.0,0.0621615714348396,3.833913043478261,True,6,True
2017-09-30,0.0,0.06438235740030561,3.719090909090909,True,6,True
2017-10-31,0.0,0.08807910024675585,3.492272727272727,True,6,True
2017-11-30,0.0,0.09662577771463786,3.6818181818181817,True,6,True
2017-12-31,0.0,0.10176288197009838,3.6,True,6,True
2018-01-31,0.0,0.09967205827916381,3.361739130434782,True,6,True
2018-02-28,0.0,0.019618744078360003,3.5420000000000003,True,6,True
2018-03-31,0.0,0.09887331256398388,3.645217391304348,True,6,True
2018-04-30,0.0,0.05486896286107488,3.473333333333333,True,6,True
2018-05-31,0.0,0.062351978593556456,3.468695652173913,True,6,True
2018-06-30,0.0,0.07778099222831483,3.4518181818181817,True,6,True
2018-07-31,0.0,0.05184222726211958,3.5900000000000003,True,6,True
2018-08-31,0.0,0.057043275554383426,3.4526086956521738,True,6,True
2018-09-30,0.0,0.07961253211270625,3.341428571428572,True,6,True
2018-10-31,0.0,0.056744597833310845,3.5191304347826087,True,6,True
2018-11-30,0.0,0.17053823404841847,4.017272727272727,True,6,True
2018-12-31,0.0,0.4904733335544764,4.791428571428572,True,6,True
2019-01-31,0.0,0.6590657506644005,4.605217391304348,True,6,True
2019-02-28,0.0,0.3547662672595298,4.128,True,6,True
2019-03-31,0.0,0.2547807738276433,4.010454545454546,True,6,True
2019-04-30,0.0,0.0018220338983050846,3.780909090909091,True,6,True
2019-05-31,0.0,0.01373537941264707,4.06391304347826,True,6,True
2019-06-30,0.0,0.08586760219505914,4.214285714285714,True,6,True
2019-07-31,0.0,0.05454705080087892,3.997391304347826,True,6,True
2019-08-31,0.0,0.054387664422094556,4.293913043478261,True,6,True
2019-09-30,1.0,0.0,3.943809523809524,True,6,True
2019-10-31,1.0,0.0031617647058823526,4.098260869565218,True,6,True
2019-11-30,1.0,0.07505735260031558,4.047272727272727,True,6,True
2019-12-31,0.0,0.08580571244407385,3.713181818181818,True,6,True
2020-01-31,0.0,0.011056904206811016,3.601304347826087,True,6,True
2020-02-29,0.0,0.003102866779089376,3.921904761904762,True,6,True
2020-03-31,0.0,0.7387301067130407,7.854090909090909,True,6,True
2020-04-30,0.0,0.8154734140578437,8.129999999999999,True,6,True
2020-05-31,0.0,0.7183221761898098,7.287272727272727,True,6,True
2020-06-30,0.0,0.42581259978299374,6.066363636363636,True,6,True
2020-07-31,0.0,0.3879114235509936,5.699565217391305,True,6,True
2020-08-31,0.0,0.3919980200063712,5.123809523809523,True,6,True
2020-09-30,0.0,0.2774788151295198,5.26,True,6,True
2020-10-31,0.0,0.33933226826326873,5.052173913043478,True,6,True
2020-11-30,0.0,0.3176065897435334,4.525238095238096,True,6,True
2020-12-31,0.0,0.23849271239718597,4.044782608695653,True,6,True
2021-01-31,0.0,0.27309251508490545,3.784090909090909,True,6,True
2021-02-28,0.0,0.16049121116206105,3.526190476190476,True,6,True
2021-03-31,0.0,0.19545212606388046,3.5473913043478262,True,6,True
2021-04-30,0.0,0.25811805990704956,3.2709090909090905,True,6,True
2021-05-31,0.0,0.03522598981702618,3.333809523809524,True,6,True
2021-06-30,0.0,0.018374627481643237,3.174545454545455,True,6,True
2021-07-31,0.0,0.007790039121477893,3.17304347826087,True,6,True
2021-08-31,0.0,0.017937749888494496,3.321363636363636,True,6,True
2021-09-30,0.0,0.1105739700324407,3.117272727272727,True,6,True
2021-10-31,0.0,0.024375452889537876,3.149090909090909,True,6,True
2021-11-30,0.0,0.024375452889537876,3.2245454545454546,True,6,True
2021-12-31,0.0,0.03790386560996858,3.2630434782608693,True,6,True
2022-01-31,0.0,0.03253412563546631,3.2247619047619045,True,6,True
2022-02-28,0.0,0.06094090577820306,3.646,True,6,True
2009-01-31,0.0,0.22387437843288013,16.79391304347826,True,12,False
2009-02-28,1.0,0.26652439458737975,16.536190476190477,True,12,False
2009-03-31,0.0,0.2678847332779201,17.837727272727275,True,12,False
2009-04-30,0.0,0.2715702597091776,15.623636363636365,True,12,False
2009-05-31,1.0,0.2678847332779201,12.50590909090909,True,12,False
2009-06-30,1.0,0.2678847332779201,10.80590909090909,True,12,False
2009-07-31,1.0,0.2678847332779201,10.27,True,12,False
2009-08-31,1.0,0.30077537104933016,8.971428571428572,True,12,False
2009-09-30,0.0,0.3092161233174659,8.452272727272726,True,12,False
2009-10-31,0.0,0.33360858002078336,7.76304347826087,True,12,False
2009-11-30,0.0,0.33838628398142295,7.561904761904763,True,12,False
2009-12-31,0.0,0.163275006528558,6.919130434782608,True,12,False
2010-01-31,0.0,0.21531498767447657,6.233181818181818,True,12,False
2010-02-28,0.0,0.5425641574414134,6.730952380952381,True,12,False
2010-03-31,0.0,0.5459495783628389,6.121739130434783,True,12,False
2010-04-30,0.0,0.31295045061849175,5.6040909090909095,True,12,False
2010-05-31,0.0,0.6716819770110116,6.5009523809523815,True,12,False
2010-06-30,0.0,0.9137739514457901,7.016818181818182,True,12,False
2010-07-31,0.0,0.8943183081741292,6.778695652173913,True,12,False
2010-08-31,1.0,0.8891825123148209,6.755909090909091,True,12,False
2010-09-30,1.0,0.5603870733088189,6.421363636363637,True,12,False
2010-10-31,1.0,0.488487879061913,6.008181818181819,True,12,False
2010-11-30,1.0,0.3608979416610802,5.872727272727272,True,12,False
2010-12-31,1.0,0.19698315830874635,5.551304347826087,True,12,False
2011-01-31,1.0,0.17858772467967848,5.1242857142857146,True,12,False
2011-02-28,0.0,0.09346370712165225,4.657500000000001,True,12,False
2011-03-31,0.0,0.20238263940087914,4.8365217391304345,True,12,False
2011-04-30,0.0,0.14676587420043657,4.661818181818182,True,12,False
2011-05-31,0.0,0.4611923775339399,4.846818181818182,True,12,False
2011-06-30,1.0,0.7157749188741662,5.49,True,12,False
2011-07-31,0.0,0.7367905737003886,5.434545454545455,True,12,False
2011-08-31,0.0,0.8220517143288221,6.990434782608696,True,12,False
2011-09-30,0.0,0.7156649085255341,7.675454545454546,True,12,False
2011-10-31,0.0,0.712867732209765,7.908571428571429,True,12,False
2011-11-30,0.0,0.7042859842832883,7.606363636363636,True,12,False
2011-12-31,0.0,0.6916490062122648,7.510434782608696,True,12,False
2012-01-31,0.0,0.42869065088033265,6.8531818181818185,True,12,False
2012-02-29,0.0,0.6278758459046699,6.244285714285714,True,12,False
2012-03-31,0.0,0.4581062719331297,5.96304347826087,True,12,False
2012-04-30,0.0,0.5254196884690987,6.12952380952381,True,12,False
2012-05-31,0.0,0.5736250401525851,6.313478260869566,True,12,False
2012-06-30,0.0,0.689302585272532,6.7713636363636365,True,12,False
2012-07-31,0.0,0.8788324939056477,6.355,True,12,False
2012-08-31,0.0,0.6283332752822794,5.923043478260869,True,12,False
2012-09-30,0.0,0.4391867980671224,5.611428571428571,True,12,False
2012-10-31,0.0,0.4987929542325539,5.486521739130435,True,12,False
2012-11-30,0.0,0.5017637299993534,5.709090909090909,True,12,False
2012-12-31,0.0,0.3098231648267005,5.331904761904762,True,12,False
2013-01-31,0.0,0.33208583322260554,4.936521739130434,True,12,False
2013-02-28,0.0,0.4201778289590671,4.993,True,12,False
2013-03-31,0.0,0.23848202951981395,4.804090909090909,True,12,False
2013-04-30,0.0,0.2672524254766715,4.76409090909091,True,12,False
2013-05-31,0.0,0.09863776380997744,4.378260869565217,True,12,False
2013-06-30,0.0,0.7031834268540529,5.058095238095238,True,12,False
2013-07-31,0.0,0.31710959877045836,4.81695652173913,True,12,False
2013-08-31,0.0,0.5927338217880295,4.751363636363636,True,12,False
2013-09-30,0.0,0.18888717958079543,4.642857142857143,True,12,False
2013-10-31,0.0,0.2662902109239834,4.554347826086956,True,12,False
2013-11-30,0.0,0.15577171463638315,4.321363636363636,True,12,False
2013-12-31,0.0,0.11538653464698352,4.081363636363637,True,12,False
2014-01-31,0.0,0.08102730794192894,3.969130434782609,True,12,False
2014-02-28,0.0,0.043575454920346084,4.0305,True,12,False
2014-03-31,0.0,0.09421429722359857,3.8076190476190472,True,12,False
2014-04-30,0.0,0.08300442039413738,3.7040909090909087,True,12,False
2014-05-31,0.0,0.08564203053497192,3.75,True,12,False
2014-06-30,0.0,0.1460187848966262,3.471904761904762,True,12,False
2014-07-31,0.0,0.15835568396950966,3.653043478260869,True,12,False
2014-08-31,0.0,0.0929812259430398,3.9718181818181817,True,12,False
2014-09-30,0.0,0.28042217567525823,4.06,True,12,False
2014-10-31,0.0,0.6256139901137221,4.514347826086956,True,12,False
2014-11-30,0.0,0.4684361303618951,4.457619047619048,True,12,False
2014-12-31,1.0,0.6629014598182899,5.069565217391304,True,12,False
2015-01-31,1.0,0.6267077683053089,5.288695652173913,True,12,False
2015-02-28,1.0,0.28863503167680166,4.711428571428572,True,12,False
2015-03-31,1.0,0.041941509046763616,4.664545454545455,True,12,False
2015-04-30,1.0,0.013796916508458181,4.635454545454546,True,12,False
2015-05-31,0.0,0.0737857588807403,4.507727272727273,True,12,False
2015-06-30,0.0,0.10051033400802364,4.66,True,12,False
2015-07-31,0.0,0.6079190058408755,5.106086956521739,True,12,False
2015-08-31,0.0,0.7521306962576856,5.658095238095238,True,12,False
2015-09-30,0.0,0.6653060337271746,5.868181818181818,True,12,False
2015-10-31,0.0,0.6973951517539264,6.197391304347826,True,12,False
2015-11-30,0.0,0.6659613201222575,6.136190476190476,True,12,False
2015-12-31,0.0,0.5765131628343881,6.8786956521739135,True,12,False
2016-01-31,0.0,0.6776916036755993,7.594545454545455,True,12,False
2016-02-29,0.0,0.742391496129915,8.225714285714286,True,12,False
2016-03-31,0.0,0.42886382262555606,6.980869565217391,True,12,False
2016-04-30,0.0,0.490739902081596,6.619545454545454,True,12,False
2016-05-31,0.0,0.22133932976042414,6.260909090909092,True,12,False
2016-06-30,0.0,0.34547440998882634,6.104090909090909,True,12,False
2016-07-31,0.0,0.21833561803072665,5.649090909090909,True,12,False
2016-08-31,0.0,0.161072000183922,5.3,True,12,False
2016-09-30,0.0,0.28755581018132875,5.1454545454545455,True,12,False
2016-10-31,0.0,0.08819744863719496,4.736666666666666,True,12,False
2016-11-30,0.0,0.0741274867100212,4.88909090909091,True,12,False
2016-12-31,0.0,0.15000332051503112,4.277391304347826,True,12,False
2017-01-31,0.0,0.21082372822720408,4.0209090909090905,True,12,False
2017-02-28,0.0,0.1888773290571609,3.853,True,12,False
2017-03-31,0.0,0.0861440652448562,3.898260869565217,True,12,False
2017-04-30,0.0,0.1436064831668567,3.9166666666666665,True,12,False
2017-05-31,0.0,0.0830238786037638,3.743478260869565,True,12,False
2017-06-30,0.0,0.07823160897422946,3.7509090909090905,True,12,False
2017-07-31,0.0,0.20189161453045704,3.691904761904762,True,12,False
2017-08-31,0.0,0.11641776874454635,3.833913043478261,True,12,False
2017-09-30,0.0,0.14469318169467724,3.719090909090909,True,12,False
2017-10-31,0.0,0.1485094146203238,3.492272727272727,True,12,False
2017-11-30,0.0,0.20996332467194334,3.6818181818181817,True,12,False
2017-12-31,0.0,0.2054801023215451,3.6,True,12,False
2018-01-31,0.0,0.20049006390760823,3.361739130434782,True,12,False
2018-02-28,0.0,0.09114798074958605,3.5420000000000003,True,12,False
2018-03-31,0.0,0.15604425754364712,3.645217391304348,True,12,False
2018-04-30,0.0,0.11243878877167715,3.473333333333333,True,12,False
2018-05-31,0.0,0.16366085874259062,3.468695652173913,True,12,False
2018-06-30,0.0,0.1616058306655576,3.4518181818181817,True,12,False
2018-07-31,0.0,0.10224930652805556,3.5900000000000003,True,12,False
2018-08-31,0.0,0.10818871658024935,3.4526086956521738,True,12,False
2018-09-30,0.0,0.15068744305566295,3.341428571428572,True,12,False
2018-10-31,0.0,0.14806173411615814,3.5191304347826087,True,12,False
2018-11-30,0.0,0.16570167256426607,4.017272727272727,True,12,False
2018-12-31,0.0,0.5303264905781405,4.791428571428572,True,12,False
2019-01-31,0.0,0.5391703134509078,4.605217391304348,True,12,False
2019-02-28,0.0,0.13594991206275597,4.128,True,12,False
2019-03-31,1.0,0.07606734652850364,4.010454545454546,True,12,False
2019-04-30,1.0,0.1388802820750643,3.780909090909091,True,12,False
2019-05-31,1.0,0.0410333240521153,4.06391304347826,True,12,False
2019-06-30,0.0,0.17069537217981118,4.214285714285714,True,12,False
2019-07-31,0.0,0.07124057957951406,3.997391304347826,True,12,False
2019-08-31,0.0,0.27827566417261357,4.293913043478261,True,12,False
2019-09-30,0.0,0.038685946749768586,3.943809523809524,True,12,False
2019-10-31,0.0,0.03882693060491935,4.098260869565218,True,12,False
2019-11-30,0.0,0.22420099985961886,4.047272727272727,True,12,False
2019-12-31,0.0,0.18871067431218388,3.713181818181818,True,12,False
2020-01-31,0.0,0.09634688323937242,3.601304347826087,True,12,False
2020-02-29,0.0,0.07926247086949247,3.921904761904762,True,12,False
2020-03-31,0.0,0.6498388151303454,7.854090909090909,True,12,False
2020-04-30,0.0,0.7057343512191148,8.129999999999999,True,12,False
2020-05-31,0.0,0.6344984071053031,7.287272727272727,True,12,False
2020-06-30,0.0,0.16199996537106326,6.066363636363636,True,12,False
2020-07-31,0.0,0.14075477345749376,5.699565217391305,True,12,False
2020-08-31,0.0,0.14778862249935906,5.123809523809523,True,12,False
2020-09-30,0.0,0.13597417445367457,5.26,True,12,False
2020-10-31,0.0,0.16821787526218723,5.052173913043478,True,12,False
2020-11-30,0.0,0.1821443982807777,4.525238095238096,True,12,False
2020-12-31,0.0,0.08927710139032662,4.044782608695653,True,12,False
2021-01-31,0.0,0.16487624168770312,3.784090909090909,True,12,False
2021-02-28,0.0,0.12163637037695181,3.526190476190476,True,12,False
2021-03-31,0.0,0.16180307345301392,3.5473913043478262,True,12,False
2021-04-30,0.0,0.16351051334479444,3.2709090909090905,True,12,False
2021-05-31,0.0,0.17162784473382636,3.333809523809524,True,12,False
2021-06-30,0.0,0.05530505841562763,3.174545454545455,True,12,False
2021-07-31,0.0,0.1300626134121083,3.17304347826087,True,12,False
2021-08-31,0.0,0.040073841430004045,3.321363636363636,True,12,False
2021-09-30,0.0,0.15623668036761074,3.117272727272727,False,12,False
2021-10-31,0.0,0.029787896688422532,3.149090909090909,False,12,False
2021-11-30,0.0,0.011771745661230579,3.2245454545454546,False,12,False
2021-12-31,0.0,0.03350830300525688,3.2630434782608693,False,12,False
2022-01-31,0.0,0.026424798761093382,3.2247619047619045,False,12,False
2022-02-28,0.0,0.07886003556770946,3.646,False,12,False
2022-03-31,0.0,0.07217666554808455,3.788695652173913,False,12,False
2022-04-30,0.0,0.08151171260286894,3.6536363636363633,False,12,False
2022-05-31,0.0,0.3831722331516183,4.487727272727273,False,12,False
2022-06-30,0.0,0.5219487132129647,4.87,False,12,False
2022-07-31,0.0,0.5331883032697429,5.300909090909091,False,12,False
2022-08-31,0.0,0.4806397124314436,4.8,False,12,False
2009-01-31,0.0,0.22387437843288013,16.79391304347826,True,12,True
2009-02-28,1.0,0.26652439458737975,16.536190476190477,True,12,True
2009-03-31,0.0,0.2678847332779201,17.837727272727275,True,12,True
2009-04-30,0.0,0.2715702597091776,15.623636363636365,True,12,True
2009-05-31,1.0,0.2678847332779201,12.50590909090909,True,12,True
2009-06-30,1.0,0.2678847332779201,10.80590909090909,True,12,True
2009-07-31,1.0,0.2678847332779201,10.27,True,12,True
2009-08-31,1.0,0.30077537104933016,8.971428571428572,True,12,True
2009-09-30,0.0,0.3092161233174659,8.452272727272726,True,12,True
2009-10-31,0.0,0.33360858002078336,7.76304347826087,True,12,True
2009-11-30,0.0,0.33838628398142295,7.561904761904763,True,12,True
2009-12-31,0.0,0.163275006528558,6.919130434782608,True,12,True
2010-01-31,0.0,0.21531498767447663,6.233181818181818,True,12,True
2010-02-28,0.0,0.5425641574414134,6.730952380952381,True,12,True
2010-03-31,0.0,0.5459495783628389,6.121739130434783,True,12,True
2010-04-30,0.0,0.31295045061849175,5.6040909090909095,True,12,True
2010-05-31,0.0,0.6716819770110116,6.5009523809523815,True,12,True
2010-06-30,0.0,0.9137739514457901,7.016818181818182,True,12,True
2010-07-31,0.0,0.8943183081741292,6.778695652173913,True,12,True
2010-08-31,1.0,0.8891825123148209,6.755909090909091,True,12,True
2010-09-30,1.0,0.5603870733088189,6.421363636363637,True,12,True
2010-10-31,1.0,0.488487879061913,6.008181818181819,True,12,True
2010-11-30,1.0,0.3608979416610802,5.872727272727272,True,12,True
2010-12-31,1.0,0.19698315830874635,5.551304347826087,True,12,True
2011-01-31,1.0,0.17858772467967848,5.1242857142857146,True,12,True
2011-02-28,0.0,0.09346370712165225,4.657500000000001,True,12,True
2011-03-31,0.0,0.20238263940087914,4.8365217391304345,True,12,True
2011-04-30,0.0,0.14676587420043657,4.661818181818182,True,12,True
2011-05-31,0.0,0.4611923775339399,4.846818181818182,True,12,True
2011-06-30,1.0,0.7157749188741662,5.49,True,12,True
2011-07-31,0.0,0.7367905737003886,5.434545454545455,True,12,True
2011-08-31,0.0,0.8220517143288221,6.990434782608696,True,12,True
2011-09-30,0.0,0.7156649085255343,7.675454545454546,True,12,True
2011-10-31,0.0,0.712867732209765,7.908571428571429,True,12,True
2011-11-30,0.0,0.7042859842832883,7.606363636363636,True,12,True
2011-12-31,0.0,0.6916490062122647,7.510434782608696,True,12,True
2012-01-31,0.0,0.42869065088033265,6.8531818181818185,True,12,True
2012-02-29,0.0,0.6278758459046699,6.244285714285714,True,12,True
2012-03-31,0.0,0.4581062719331297,5.96304347826087,True,12,True
2012-04-30,0.0,0.5254196884690987,6.12952380952381,True,12,True
2012-05-31,0.0,0.5736250401525851,6.313478260869566,True,12,True
2012-06-30,0.0,0.6893025852725322,6.7713636363636365,True,12,True
2012-07-31,0.0,0.8788324939056477,6.355,True,12,True
2012-08-31,0.0,0.6283332752822794,5.923043478260869,True,12,True
2012-09-30,0.0,0.4391867980671224,5.611428571428571,True,12,True
2012-10-31,0.0,0.49879295423255393,5.486521739130435,True,12,True
2012-11-30,0.0,0.5017637299993534,5.709090909090909,True,12,True
2012-12-31,0.0,0.3098231648267005,5.331904761904762,True,12,True
2013-01-31,0.0,0.33208583322260554,4.936521739130434,True,12,True
2013-02-28,0.0,0.4201778289590671,4.993,True,12,True
2013-03-31,0.0,0.23848202951981395,4.804090909090909,True,12,True
2013-04-30,0.0,0.2672524254766715,4.76409090909091,True,12,True
2013-05-31,0.0,0.09863776380997744,4.378260869565217,True,12,True
2013-06-30,0.0,0.7031834268540529,5.058095238095238,True,12,True
2013-07-31,0.0,0.31710959877045836,4.81695652173913,True,12,True
2013-08-31,0.0,0.5927338217880296,4.751363636363636,True,12,True
2013-09-30,0.0,0.18888717958079543,4.642857142857143,True,12,True
2013-10-31,0.0,0.2662902109239834,4.554347826086956,True,12,True
2013-11-30,0.0,0.15577171463638315,4.321363636363636,True,12,True
2013-12-31,0.0,0.11538653464698355,4.081363636363637,True,12,True
2014-01-31,0.0,0.08102730794192894,3.969130434782609,True,12,True
2014-02-28,0.0,0.043575454920346084,4.0305,True,12,True
2014-03-31,0.0,0.09421429722359857,3.8076190476190472,True,12,True
2014-04-30,0.0,0.08300442039413738,3.7040909090909087,True,12,True
2014-05-31,0.0,0.08564203053497192,3.75,True,12,True
2014-06-30,0.0,0.1460187848966262,3.471904761904762,True,12,True
2014-07-31,0.0,0.15835568396950966,3.653043478260869,True,12,True
2014-08-31,0.0,0.0929812259430398,3.9718181818181817,True,12,True
2014-09-30,0.0,0.28042217567525823,4.06,True,12,True
2014-10-31,0.0,0.6256139901137221,4.514347826086956,True,12,True
2014-11-30,0.0,0.4684361303618951,4.457619047619048,True,12,True
2014-12-31,1.0,0.6629014598182899,5.069565217391304,True,12,True
2015-01-31,1.0,0.6267077683053089,5.288695652173913,True,12,True
2015-02-28,1.0,0.28863503167680166,4.711428571428572,True,12,True
2015-03-31,1.0,0.041941509046763616,4.664545454545455,True,12,True
2015-04-30,1.0,0.013796916508458181,4.635454545454546,True,12,True
2015-05-31,0.0,0.0737857588807403,4.507727272727273,True,12,True
2015-06-30,0.0,0.10051033400802364,4.66,True,12,True
2015-07-31,0.0,0.6079190058408755,5.106086956521739,True,12,True
2015-08-31,0.0,0.7521306962576856,5.658095238095238,True,12,True
2015-09-30,0.0,0.6653060337271746,5.868181818181818,True,12,True
2015-10-31,0.0,0.6973951517539264,6.197391304347826,True,12,True
2015-11-30,0.0,0.6659613201222575,6.136190476190476,True,12,True
2015-12-31,0.0,0.5765131628343881,6.8786956521739135,True,12,True
2016-01-31,0.0,0.6776916036755993,7.594545454545455,True,12,True
2016-02-29,0.0,0.742391496129915,8.225714285714286,True,12,True
2016-03-31,0.0,0.42886382262555606,6.980869565217391,True,12,True
2016-04-30,0.0,0.490739902081596,6.619545454545454,True,12,True
2016-05-31,0.0,0.2213393297604241,6.260909090909092,True,12,True
2016-06-30,0.0,0.34547440998882634,6.104090909090909,True,12,True
2016-07-31,0.0,0.21833561803072668,5.649090909090909,True,12,True
2016-08-31,0.0,0.161072000183922,5.3,True,12,True
2016-09-30,0.0,0.28755581018132875,5.1454545454545455,True,12,True
2016-10-31,0.0,0.08819744863719495,4.736666666666666,True,12,True
2016-11-30,0.0,0.07412748671002119,4.88909090909091,True,12,True
2016-12-31,0.0,0.15000332051503112,4.277391304347826,True,12,True
2017-01-31,0.0,0.21082372822720408,4.0209090909090905,True,12,True
2017-02-28,0.0,0.1888773290571609,3.853,True,12,True
2017-03-31,0.0,0.0861440652448562,3.898260869565217,True,12,True
2017-04-30,0.0,0.1436064831668567,3.9166666666666665,True,12,True
2017-05-31,0.0,0.0830238786037638,3.743478260869565,True,12,True
2017-06-30,0.0,0.07823160897422946,3.7509090909090905,True,12,True
2017-07-31,0.0,0.20189161453045704,3.691904761904762,True,12,True
2017-08-31,0.0,0.11641776874454633,3.833913043478261,True,12,True
2017-09-30,0.0,0.14469318169467724,3.719090909090909,True,12,True
2017-10-31,0.0,0.1485094146203238,3.492272727272727,True,12,True
2017-11-30,0.0,0.20996332467194334,3.6818181818181817,True,12,True
2017-12-31,0.0,0.2054801023215451,3.6,True,12,True
2018-01-31,0.0,0.20049006390760823,3.361739130434782,True,12,True
2018-02-28,0.0,0.09114798074958605,3.5420000000000003,True,12,True
2018-03-31,0.0,0.15604425754364712,3.645217391304348,True,12,True
2018-04-30,0.0,0.11243878877167715,3.473333333333333,True,12,True
2018-05-31,0.0,0.16366085874259062,3.468695652173913,True,12,True
2018-06-30,0.0,0.1616058306655576,3.4518181818181817,True,12,True
2018-07-31,0.0,0.10224930652805556,3.5900000000000003,True,12,True
2018-08-31,0.0,0.10818871658024935,3.4526086956521738,True,12,True
2018-09-30,0.0,0.15068744305566298,3.341428571428572,True,12,True
2018-10-31,0.0,0.14806173411615814,3.5191304347826087,True,12,True
2018-11-30,0.0,0.16570167256426607,4.017272727272727,True,12,True
2018-12-31,0.0,0.5303264905781405,4.791428571428572,True,12,True
2019-01-31,0.0,0.5391703134509078,4.605217391304348,True,12,True
2019-02-28,0.0,0.13594991206275597,4.128,True,12,True
2019-03-31,1.0,0.07606734652850364,4.010454545454546,True,12,True
2019-04-30,1.0,0.1388802820750643,3.780909090909091,True,12,True
2019-05-31,1.0,0.0410333240521153,4.06391304347826,True,12,True
2019-06-30,0.0,0.17069537217981118,4.214285714285714,True,12,True
2019-07-31,0.0,0.07124057957951406,3.997391304347826,True,12,True
2019-08-31,0.0,0.27827566417261357,4.293913043478261,True,12,True
2019-09-30,0.0,0.038685946749768586,3.943809523809524,True,12,True
2019-10-31,0.0,0.03882693060491935,4.098260869565218,True,12,True
2019-11-30,0.0,0.22420099985961886,4.047272727272727,True,12,True
2019-12-31,0.0,0.18871067431218388,3.713181818181818,True,12,True
2020-01-31,0.0,0.09634688323937242,3.601304347826087,True,12,True
2020-02-29,0.0,0.07926247086949247,3.921904761904762,True,12,True
2020-03-31,0.0,0.6498388151303451,7.854090909090909,True,12,True
2020-04-30,0.0,0.7057343512191148,8.129999999999999,True,12,True
2020-05-31,0.0,0.6344984071053031,7.287272727272727,True,12,True
2020-06-30,0.0,0.16199996537106326,6.066363636363636,True,12,True
2020-07-31,0.0,0.14075477345749376,5.699565217391305,True,12,True
2020-08-31,0.0,0.14778862249935906,5.123809523809523,True,12,True
2020-09-30,0.0,0.13597417445367457,5.26,True,12,True
2020-10-31,0.0,0.16821787526218723,5.052173913043478,True,12,True
2020-11-30,0.0,0.1821443982807777,4.525238095238096,True,12,True
2020-12-31,0.0,0.08927710139032662,4.044782608695653,True,12,True
2021-01-31,0.0,0.1648762416877031,3.784090909090909,True,12,True
2021-02-28,0.0,0.12163637037695181,3.526190476190476,True,12,True
2021-03-31,0.0,0.16180307345301392,3.5473913043478262,True,12,True
2021-04-30,0.0,0.16351051334479444,3.2709090909090905,True,12,True
2021-05-31,0.0,0.17162784473382636,3.333809523809524,True,12,True
2021-06-30,0.0,0.05530505841562763,3.174545454545455,True,12,True
2021-07-31,0.0,0.1300626134121083,3.17304347826087,True,12,True
2021-08-31,0.0,0.040073841430004045,3.321363636363636,True,12,True
