Month_End,macro_stress,Credit_Spread
2001-11-30,0.8926139219784349,8.79409090909091
2001-12-31,0.7448772852479157,8.294761904761904
2002-01-31,0.5927034002348412,8.157826086956522
2002-02-28,0.5948683407674844,8.103
2002-03-31,0.42670710279442,7.318636363636363
2002-04-30,0.47247411485997337,7.159090909090909
2002-05-31,0.2715061928186591,7.026521739130434
2002-06-30,0.26916230932748925,7.975714285714286
2002-07-31,0.26151263051874934,9.360434782608696
2002-08-31,0.21931225267040497,9.78608695652174
2002-09-30,0.14589104764988192,9.84952380952381
2002-10-31,0.1981169439354863,10.677391304347829
2002-11-30,0.05100156746371327,9.648181818181818
2002-12-31,0.04468160843816625,8.965
2003-01-31,0.08003870286708775,8.21391304347826
2003-02-28,0.1310074722340922,8.433499999999999
2003-03-31,0.21905824275592234,8.043809523809523
2003-04-30,0.14611286859634018,7.01409090909091
2003-05-31,0.08034403369497699,6.638695652173913
2003-06-30,0.19296725796693384,6.341904761904762
2003-07-31,0.117993441615696,5.85695652173913
2003-08-31,0.12470491193773438,5.821363636363636
2003-09-30,0.10914940327523452,5.358636363636363
2003-10-31,0.0016395318135462057,4.920869565217391
2003-11-30,-0.1334427885877182,4.617619047619048
2003-12-31,-0.1673784648850753,4.278695652173913
2004-01-31,-0.35322092912276004,3.950434782608696
2004-02-29,-0.23155158404203866,4.258571428571429
2004-03-31,-0.23377221441488918,4.401739130434782
2004-04-30,-0.3090553104044339,3.9790909090909095
2004-05-31,-0.2877079443882738,4.250952380952381
2004-06-30,-0.3446004744788024,4.069090909090909
2004-07-31,-0.3780920420981606,4.011739130434783
2004-08-31,-0.3758438795532117,4.081363636363637
2004-09-30,-0.3090714381503805,3.873636363636364
2004-10-31,-0.2775644381071136,3.727272727272727
2004-11-30,-0.2885055721520623,3.2895454545454546
2004-12-31,-0.41213408061848705,3.100869565217391
2005-01-31,-0.38983234781929604,3.204285714285714
2005-02-28,-0.350051316250631,3.0515
2005-03-31,-0.3512125204915488,2.983913043478261
2005-04-30,-0.2329362064675284,3.781363636363636
2005-05-31,-0.18509109229825707,4.227727272727273
2005-06-30,-0.4975633907401109,3.902727272727273
2005-07-31,-0.47207758684053314,3.494090909090909
2005-08-31,-0.297499137320816,3.3739130434782605
2005-09-30,0.16392247556250486,3.639090909090909
2005-10-31,0.19172993332370938,3.584761904761905
2005-11-30,-0.0791980054308419,3.621363636363637
2005-12-31,-0.3979752701943351,3.65695652173913
2006-01-31,-0.3942371532507387,3.553181818181818
2006-02-28,-0.21653907358412547,3.335
2006-03-31,-0.3363405996932864,3.2517391304347822
2006-04-30,-0.3065569601885093,3.06
2006-05-31,-0.07116273416758101,3.018695652173913
2006-06-30,-0.2510473140370466,3.2809090909090908
2006-07-31,-0.25146011522787814,3.3704761904761904
2006-08-31,-0.18945773793724296,3.4182608695652177
2006-09-30,-0.4083367599382964,3.428636363636364
2006-10-31,-0.5796795791687324,3.252272727272727
2006-11-30,-0.4550927712460844,3.14
2006-12-31,-0.4884508306495364,2.993636363636364
2007-01-31,-0.5743509571502186,2.767826086956522
2007-02-28,-0.4689700669439445,2.6205
2007-03-31,-0.39282576163525895,2.86
2007-04-30,-0.3506704922270535,2.741904761904762
2007-05-31,-0.4005813186997258,2.5660869565217395
2007-06-30,-0.25149018565496883,2.612727272727273
2007-07-31,-0.3738782471208367,3.348636363636364
2007-08-31,-0.1588751754491378,4.31
2007-09-30,-0.15669802533865412,4.424285714285714
2007-10-31,-0.05992974334873598,4.160869565217391
2007-11-30,0.0451633779583995,5.310909090909092
2007-12-31,0.1583011401199549,5.692380952380953
2008-01-31,0.06977079908692248,6.7586956521739125
2008-02-29,0.3205564236025565,7.245238095238095
2008-03-31,0.4094180720697501,8.098095238095238
2008-04-30,0.5880917704392994,7.393181818181818
2008-05-31,0.6787282896936547,6.685652173913044
2008-06-30,0.7612107221607484,6.730952380952381
2008-07-31,0.7275215427803724,7.748695652173913
2008-08-31,0.8475838222851966,8.19909090909091
2008-09-30,1.0104774517414759,9.19
2008-10-31,1.2576930111452969,14.942608695652174
2008-11-30,1.4396257598168611,17.959047619047617
2008-12-31,1.646733893180667,20.28695652173913
2009-01-31,1.8811827179331193,16.79391304347826
2009-02-28,2.060961076663682,16.536190476190477
2009-03-31,2.190715956089691,17.837727272727275
2009-04-30,2.0786025468201124,15.623636363636365
2009-05-31,2.075000649791615,12.50590909090909
2009-06-30,2.0106830295606297,10.80590909090909
2009-07-31,1.9115588455651704,10.27
2009-08-31,1.758759961922305,8.971428571428572
2009-09-30,1.3008249367253082,8.452272727272726
2009-10-31,1.2954205248660364,7.76304347826087
2009-11-30,1.0736125243819101,7.561904761904763
2009-12-31,0.6744964781317427,6.919130434782608
2010-01-31,0.27737241569368526,6.233181818181818
2010-02-28,0.09957307110294082,6.730952380952381
2010-03-31,-0.11734120750765949,6.121739130434783
2010-04-30,-0.2745663524109808,5.6040909090909095
2010-05-31,-0.5308050960569382,6.5009523809523815
2010-06-30,-0.6374337407993903,7.016818181818182
2010-07-31,-0.48188060384046083,6.778695652173913
2010-08-31,-0.4490779406783283,6.755909090909091
2010-09-30,-0.41214887578390136,6.421363636363637
2010-10-31,-0.3993598946461278,6.008181818181819
2010-11-30,-0.37606939916566384,5.872727272727272
2010-12-31,-0.5348508497097963,5.551304347826087
2011-01-31,-0.46188920645689935,5.1242857142857146
2011-02-28,-0.47117387103918096,4.657500000000001
2011-03-31,-0.32285902071840666,4.8365217391304345
2011-04-30,-0.29528900462397245,4.661818181818182
2011-05-31,-0.30481174692930674,4.846818181818182
2011-06-30,-0.23117664518309244,5.49
2011-07-31,-0.10995159022773235,5.434545454545455
2011-08-31,0.01648215415318254,6.990434782608696
2011-09-30,-0.009876962273855058,7.675454545454546
2011-10-31,-0.06430780547288567,7.908571428571429
2011-11-30,-0.08726563905611721,7.606363636363636
2011-12-31,-0.14976435990403758,7.510434782608696
2012-01-31,-0.27529599272795474,6.8531818181818185
2012-02-29,-0.3103377409512231,6.244285714285714
2012-03-31,-0.2339307991123387,5.96304347826087
2012-04-30,-0.2912075712745014,6.12952380952381
2012-05-31,-0.35946234830671736,6.313478260869566
2012-06-30,-0.20745060368555546,6.7713636363636365
2012-07-31,-0.17750139017607974,6.355
2012-08-31,-0.172701208067168,5.923043478260869
2012-09-30,-0.28023858090304476,5.611428571428571
2012-10-31,-0.3661840678797963,5.486521739130435
2012-11-30,-0.37921516671449257,5.709090909090909
2012-12-31,-0.08722578734842534,5.331904761904762
2013-01-31,-0.06636748382860791,4.936521739130434
2013-02-28,-0.22683572593118462,4.993
2013-03-31,-0.30653655593828144,4.804090909090909
2013-04-30,-0.19730674276090807,4.76409090909091
2013-05-31,-0.40830862247693733,4.378260869565217
2013-06-30,-0.41275724541817893,5.058095238095238
2013-07-31,-0.40936483569601695,4.81695652173913
2013-08-31,-0.4003016867675268,4.751363636363636
2013-09-30,-0.3384089507231288,4.642857142857143
2013-10-31,-0.22705755456720167,4.554347826086956
2013-11-30,-0.2799041844487846,4.321363636363636
2013-12-31,-0.4726854189340401,4.081363636363637
2014-01-31,-0.42657577234264626,3.969130434782609
2014-02-28,-0.44169260172279656,4.0305
2014-03-31,-0.43352395103610464,3.8076190476190472
2014-04-30,-0.5664426909321781,3.7040909090909087
2014-05-31,-0.4978896967632528,3.75
2014-06-30,-0.5321815434544341,3.471904761904762
2014-07-31,-0.5199957215626042,3.653043478260869
2014-08-31,-0.5093833763577879,3.9718181818181817
2014-09-30,-0.5461081211721039,4.06
2014-10-31,-0.6035453115940216,4.514347826086956
2014-11-30,-0.6424330167370311,4.457619047619048
2014-12-31,-0.7433107754905226,5.069565217391304
2015-01-31,-0.7699824404466525,5.288695652173913
2015-02-28,-0.6281956308579347,4.711428571428572
2015-03-31,-0.4928100163728568,4.664545454545455
2015-04-30,-0.5015238932638902,4.635454545454546
2015-05-31,-0.310424170576796,4.507727272727273
2015-06-30,-0.4023474523572259,4.66
2015-07-31,-0.35752366553055503,5.106086956521739
2015-08-31,-0.3260762074803525,5.658095238095238
2015-09-30,-0.20314655578804072,5.868181818181818
2015-10-31,-0.2233231389169639,6.197391304347826
2015-11-30,-0.15283371394205025,6.136190476190476
2015-12-31,-0.15903659483660926,6.8786956521739135
2016-01-31,-0.20558742102250288,7.594545454545455
2016-02-29,-0.1797225947284532,8.225714285714286
2016-03-31,-0.11827875852677935,6.980869565217391
2016-04-30,-0.10175033415851738,6.619545454545454
2016-05-31,-0.25919205101525994,6.260909090909092
2016-06-30,-0.2534552619420454,6.104090909090909
2016-07-31,-0.177636842053636,5.649090909090909
2016-08-31,-0.16074219143628865,5.3
2016-09-30,-0.18350085643891853,5.1454545454545455
2016-10-31,-0.1469931501184214,4.736666666666666
2016-11-30,-0.334948305598247,4.88909090909091
2016-12-31,-0.49985808446793983,4.277391304347826
2017-01-31,-0.46362875986759206,4.0209090909090905
2017-02-28,-0.4202803759301388,3.853
2017-03-31,-0.5102884965197982,3.898260869565217
2017-04-30,-0.5516303790682047,3.9166666666666665
2017-05-31,-0.5728515825662188,3.743478260869565
2017-06-30,-0.5145130730758101,3.7509090909090905
2017-07-31,-0.46129855731017355,3.691904761904762
2017-08-31,-0.5057789048977862,3.833913043478261
2017-09-30,-0.49005460889948205,3.719090909090909
2017-10-31,-0.6759107608755814,3.492272727272727
2017-11-30,-0.6446016340573277,3.6818181818181817
2017-12-31,-0.5440752515281027,3.6
2018-01-31,-0.5357327420776665,3.361739130434782
2018-02-28,-0.6329293295463004,3.5420000000000003
2018-03-31,-0.6606630748273477,3.645217391304348
2018-04-30,-0.58295447430761,3.473333333333333
2018-05-31,-0.4842150745564136,3.468695652173913
2018-06-30,-0.46694519227953657,3.4518181818181817
2018-07-31,-0.4955084857383335,3.5900000000000003
2018-08-31,-0.49869544895967827,3.4526086956521738
2018-09-30,-0.5840159335639509,3.341428571428572
2018-10-31,-0.44497698564705984,3.5191304347826087
2018-11-30,-0.4035033030290137,4.017272727272727
2018-12-31,-0.39865896448141863,4.791428571428572
2019-01-31,-0.12458936511072974,4.605217391304348
2019-02-28,-0.20220320286399768,4.128
2019-03-31,-0.33420597686490133,4.010454545454546
2019-04-30,-0.21850297737747676,3.780909090909091
2019-05-31,-0.37605190464305155,4.06391304347826
2019-06-30,-0.26853508161788425,4.214285714285714
2019-07-31,-0.22105074648963785,3.997391304347826
2019-08-31,0.13993552416863092,4.293913043478261
2019-09-30,0.026719788220250992,3.943809523809524
2019-10-31,-0.010923732385702586,4.098260869565218
2019-11-30,-0.08197873957354287,4.047272727272727
2019-12-31,-0.17471449499635994,3.713181818181818
2020-01-31,-0.18609070883076023,3.601304347826087
2020-02-29,-0.28404809828556604,3.921904761904762
2020-03-31,1.5672769850863522,7.854090909090909
2020-04-30,4.8260172344615,8.129999999999999
2020-05-31,4.452816415462457,7.287272727272727
2020-06-30,3.2610700363503486,6.066363636363636
2020-07-31,2.729067080708819,5.699565217391305
2020-08-31,2.0346910367152296,5.123809523809523
2020-09-30,1.7529045604063886,5.26
2020-10-31,1.4780832245422846,5.052173913043478
2020-11-30,1.5462840204541373,4.525238095238096
2020-12-31,1.3826244247367365,4.044782608695653
2021-01-31,1.3007966390348153,3.784090909090909
2021-02-28,1.338389791366156,3.526190476190476
2021-03-31,-0.5334328797907727,3.5473913043478262
2021-04-30,-1.7712225190439699,3.2709090909090905
2021-05-31,-1.8270758133120184,3.333809523809524
2021-06-30,-1.1977753547291647,3.174545454545455
2021-07-31,-0.6666448778265572,3.17304347826087
2021-08-31,-0.15634617440697327,3.321363636363636
2021-09-30,-0.19112580181426753,3.117272727272727
2021-10-31,-0.2479769384842639,3.149090909090909
2021-11-30,-0.2430016498384377,3.2245454545454546
2021-12-31,-0.2625054789431026,3.2630434782608693
2022-01-31,-0.19817488433001865,3.2247619047619045
2022-02-28,-0.4206957714870538,3.646
2022-03-31,-0.2502084264584023,3.788695652173913
2022-04-30,-0.3200492965213183,3.6536363636363633
2022-05-31,-0.16544749355136845,4.487727272727273
2022-06-30,-0.009656376598529276,4.87
2022-07-31,-0.0021170408295203558,5.300909090909091
2022-08-31,-0.04436589524974724,4.8
