,panel,observed_daily_mean,forward_filled_daily_mean,panel_minus_observed_mean
1996-12-31,3.13,3.13,3.13,0.0
1997-01-31,3.03695652173913,3.0327272727272727,3.03695652173913,0.0042292490118573944
1997-02-28,2.956,2.9510526315789476,2.956,0.004947368421052367
1997-03-31,2.696190476190476,2.6975000000000002,2.696190476190476,-0.0013095238095242046
1997-04-30,2.893181818181818,2.893181818181818,2.893181818181818,0.0
1997-05-31,2.721739130434783,2.7254545454545456,2.721739130434783,-0.003715415019762691
1997-06-30,2.617142857142857,2.617142857142857,2.617142857142857,0.0
1997-07-31,2.7247826086956524,2.721818181818182,2.7247826086956524,0.0029644268774702276
1997-08-31,2.5436363636363635,2.5436363636363635,2.5436363636363635,0.0
1997-09-30,2.5945454545454543,2.5947619047619046,2.5945454545454543,-0.0002164502164503368
1997-10-31,2.605652173913044,2.6056521739130436,2.6056521739130436,4.440892098500626e-16
1997-11-30,2.8595238095238096,2.8595238095238096,2.8595238095238096,0.0
1997-12-31,2.890434782608696,2.888181818181818,2.890434782608696,0.002252964426877835
1998-01-31,3.0204347826086955,3.0231818181818184,3.0204347826086955,-0.0027470355731229468
1998-02-28,2.9233333333333333,2.9233333333333333,2.9233333333333333,0.0
1998-03-31,2.833636363636364,2.833636363636364,2.833636363636364,0.0
1998-04-30,2.846363636363636,2.8457142857142856,2.846363636363636,0.0006493506493505663
1998-05-31,3.001818181818182,3.001818181818182,3.001818181818182,0.0
1998-06-30,3.242272727272727,3.242272727272727,3.242272727272727,0.0
1998-07-31,3.3360869565217395,3.3360869565217395,3.3360869565217395,0.0
1998-08-31,3.9580952380952383,3.9580952380952383,3.9580952380952383,0.0
1998-09-30,5.6054545454545455,5.6054545454545455,5.6054545454545455,0.0
1998-10-31,6.432173913043478,6.432173913043478,6.432173913043478,0.0
1998-11-30,5.703809523809523,5.703809523809523,5.703809523809523,0.0
1998-12-31,5.538260869565217,5.545,5.538260869565217,-0.006739130434782581
1999-01-31,5.553636363636364,5.548571428571428,5.553636363636364,0.005064935064935661
1999-02-28,5.31047619047619,5.31047619047619,5.31047619047619,0.0
1999-03-31,5.235652173913044,5.235652173913044,5.235652173913044,0.0
1999-04-30,5.035454545454545,5.035454545454545,5.035454545454545,0.0
1999-05-31,4.701904761904761,4.701904761904761,4.701904761904761,0.0
1999-06-30,4.672272727272728,4.672272727272728,4.672272727272728,0.0
1999-07-31,4.797826086956522,4.797826086956522,4.797826086956522,0.0
1999-08-31,4.819090909090909,4.819090909090909,4.819090909090909,0.0
1999-09-30,5.042727272727273,5.042727272727273,5.042727272727273,0.0
1999-10-31,5.001818181818182,5.001818181818182,5.001818181818182,0.0
1999-11-30,5.08,5.08,5.08,0.0
1999-12-31,4.773478260869566,4.773478260869566,4.773478260869566,0.0
2000-01-31,4.784285714285714,4.784285714285714,4.784285714285714,0.0
2000-02-29,4.902380952380953,4.902380952380953,4.902380952380953,0.0
2000-03-31,5.368695652173913,5.368695652173913,5.368695652173913,0.0
2000-04-30,5.846666666666667,5.846500000000001,5.846666666666667,0.00016666666666598218
2000-05-31,5.897826086956522,5.897826086956522,5.897826086956522,0.0
2000-06-30,6.135909090909092,6.135909090909092,6.135909090909092,0.0
2000-07-31,6.123333333333333,6.123333333333333,6.123333333333333,0.0
2000-08-31,6.361304347826087,6.361304347826087,6.361304347826087,0.0
2000-09-30,6.453636363636363,6.453636363636363,6.453636363636363,0.0
2000-10-31,7.292272727272728,7.292272727272728,7.292272727272728,0.0
2000-11-30,8.088181818181818,8.088181818181818,8.088181818181818,0.0
2000-12-31,9.01590909090909,9.013809523809524,9.01590909090909,0.0020995670995667126
2001-01-31,8.493478260869566,8.463181818181818,8.493478260869566,0.03029644268774767
2001-02-28,7.6075,7.6075,7.6075,0.0
2001-03-31,7.915217391304348,7.915217391304348,7.915217391304348,0.0
2001-04-30,8.5,8.503,8.5,-0.0030000000000001137
2001-05-31,7.688695652173913,7.688695652173913,7.688695652173913,0.0
2001-06-30,8.056818181818182,8.056818181818182,8.056818181818182,0.0
2001-07-31,8.26,8.26,8.26,0.0
2001-08-31,8.05304347826087,8.05304347826087,8.05304347826087,0.0
2001-09-30,9.096666666666668,9.242777777777778,9.096666666666668,-0.14611111111111086
2001-10-31,9.796521739130435,9.796521739130435,9.796521739130435,0.0
2001-11-30,8.79409090909091,8.79409090909091,8.79409090909091,0.0
2001-12-31,8.294761904761904,8.2945,8.294761904761904,0.00026190476190457446
2002-01-31,8.157826086956522,8.15409090909091,8.157826086956522,0.0037351778656127266
2002-02-28,8.103,8.103,8.103,0.0
2002-03-31,7.318636363636363,7.328571428571429,7.318636363636363,-0.009935064935065796
2002-04-30,7.159090909090909,7.159090909090909,7.159090909090909,0.0
2002-05-31,7.026521739130434,7.026521739130434,7.026521739130434,0.0
2002-06-30,7.975714285714286,7.975714285714286,7.975714285714286,0.0
2002-07-31,9.360434782608696,9.360434782608696,9.360434782608696,0.0
2002-08-31,9.78608695652174,9.78608695652174,9.78608695652174,0.0
2002-09-30,9.84952380952381,9.84952380952381,9.84952380952381,0.0
2002-10-31,10.677391304347829,10.677391304347827,10.677391304347827,1.7763568394002505e-15
2002-11-30,9.648181818181818,9.648181818181818,9.648181818181818,0.0
2002-12-31,8.965,8.962857142857143,8.965,0.002142857142857224
2003-01-31,8.21391304347826,8.182727272727274,8.21391304347826,0.031185770750987274
2003-02-28,8.433499999999999,8.433499999999999,8.433499999999999,0.0
2003-03-31,8.043809523809523,8.043809523809523,8.043809523809523,0.0
2003-04-30,7.01409090909091,7.016190476190476,7.01409090909091,-0.0020995670995667126
2003-05-31,6.638695652173913,6.638695652173913,6.638695652173913,0.0
2003-06-30,6.341904761904762,6.341904761904762,6.341904761904762,0.0
2003-07-31,5.85695652173913,5.85695652173913,5.85695652173913,0.0
2003-08-31,5.821363636363636,5.821363636363636,5.821363636363636,0.0
2003-09-30,5.358636363636363,5.358636363636363,5.358636363636363,0.0
2003-10-31,4.920869565217391,4.920869565217391,4.920869565217391,0.0
2003-11-30,4.617619047619048,4.617619047619048,4.617619047619048,0.0
2003-12-31,4.278695652173913,4.28,4.278695652173913,-0.0013043478260872376
2004-01-31,3.950434782608696,3.9400000000000004,3.9504347826086956,0.01043478260869568
2004-02-29,4.258571428571429,4.258571428571429,4.258571428571429,0.0
2004-03-31,4.401739130434782,4.401739130434782,4.401739130434782,0.0
2004-04-30,3.9790909090909095,3.9752380952380952,3.9790909090909095,0.0038528138528142186
2004-05-31,4.250952380952381,4.250952380952381,4.250952380952381,0.0
2004-06-30,4.069090909090909,4.069090909090909,4.069090909090909,0.0
2004-07-31,4.011739130434783,4.0117391304347825,4.0117391304347825,8.881784197001252e-16
2004-08-31,4.081363636363637,4.081363636363637,4.081363636363637,0.0
2004-09-30,3.873636363636364,3.8736363636363635,3.8736363636363635,4.440892098500626e-16
2004-10-31,3.727272727272727,3.727272727272727,3.727272727272727,0.0
2004-11-30,3.2895454545454546,3.2895454545454546,3.2895454545454546,0.0
2004-12-31,3.100869565217391,3.103181818181818,3.100869565217391,-0.002312252964427053
2005-01-31,3.204285714285714,3.2042857142857146,3.2042857142857146,-4.440892098500626e-16
2005-02-28,3.0515,3.0515,3.0515,0.0
2005-03-31,2.983913043478261,2.975,2.983913043478261,0.008913043478260718
2005-04-30,3.781363636363636,3.7813636363636363,3.7813636363636363,-4.440892098500626e-16
2005-05-31,4.227727272727273,4.227727272727273,4.227727272727273,0.0
2005-06-30,3.902727272727273,3.902727272727273,3.902727272727273,0.0
2005-07-31,3.494090909090909,3.494090909090909,3.494090909090909,0.0
2005-08-31,3.3739130434782605,3.3739130434782605,3.3739130434782605,0.0
2005-09-30,3.639090909090909,3.639090909090909,3.639090909090909,0.0
2005-10-31,3.584761904761905,3.584761904761905,3.584761904761905,0.0
2005-11-30,3.621363636363637,3.6213636363636366,3.6213636363636366,4.440892098500626e-16
2005-12-31,3.65695652173913,3.6545454545454548,3.65695652173913,0.0024110671936754535
2006-01-31,3.553181818181818,3.5457142857142854,3.553181818181818,0.007467532467532845
2006-02-28,3.335,3.335,3.335,0.0
2006-03-31,3.2517391304347822,3.2517391304347822,3.2517391304347822,0.0
2006-04-30,3.06,3.0605,3.06,-0.000500000000000167
2006-05-31,3.018695652173913,3.0186956521739132,3.0186956521739132,-4.440892098500626e-16
2006-06-30,3.2809090909090908,3.2809090909090908,3.2809090909090908,0.0
2006-07-31,3.3704761904761904,3.3704761904761904,3.3704761904761904,0.0
2006-08-31,3.4182608695652177,3.4182608695652177,3.4182608695652177,0.0
2006-09-30,3.428636363636364,3.428636363636364,3.428636363636364,0.0
2006-10-31,3.252272727272727,3.252272727272727,3.252272727272727,0.0
2006-11-30,3.14,3.14,3.14,0.0
2006-12-31,2.993636363636364,2.9966666666666666,2.9936363636363637,-0.0030303030303024947
2007-01-31,2.767826086956522,2.762272727272727,2.767826086956522,0.0055533596837946675
2007-02-28,2.6205,2.6205,2.6205,0.0
2007-03-31,2.86,2.86,2.86,0.0
2007-04-30,2.741904761904762,2.737,2.741904761904762,0.004904761904761745
2007-05-31,2.5660869565217395,2.5713636363636363,2.5660869565217395,-0.005276679841896836
2007-06-30,2.612727272727273,2.612727272727273,2.612727272727273,0.0
2007-07-31,3.348636363636364,3.3486363636363636,3.3486363636363636,4.440892098500626e-16
2007-08-31,4.31,4.31,4.31,0.0
2007-09-30,4.424285714285714,4.424285714285714,4.424285714285714,0.0
2007-10-31,4.160869565217391,4.160869565217391,4.160869565217391,0.0
2007-11-30,5.310909090909092,5.3109090909090915,5.3109090909090915,8.881784197001252e-16
2007-12-31,5.692380952380953,5.6945,5.692380952380953,-0.00211904761904691
2008-01-31,6.7586956521739125,6.796818181818182,6.7586956521739125,-0.03812252964426932
2008-02-29,7.245238095238095,7.245238095238095,7.245238095238095,0.0
2008-03-31,8.098095238095238,8.083,8.098095238095238,0.015095238095238273
2008-04-30,7.393181818181818,7.3931818181818185,7.3931818181818185,-8.881784197001252e-16
2008-05-31,6.685652173913044,6.685652173913044,6.685652173913044,0.0
2008-06-30,6.730952380952381,6.730952380952381,6.730952380952381,0.0
2008-07-31,7.748695652173913,7.748695652173913,7.748695652173913,0.0
2008-08-31,8.19909090909091,8.19909090909091,8.19909090909091,0.0
2008-09-30,9.19,9.19,9.19,0.0
2008-10-31,14.942608695652174,14.942608695652174,14.942608695652174,0.0
2008-11-30,17.959047619047617,17.959047619047617,17.959047619047617,0.0
2008-12-31,20.28695652173913,20.309545454545454,20.286956521739132,-0.022588932806325346
2009-01-31,16.79391304347826,16.733636363636364,16.79391304347826,0.060276679841894776
2009-02-28,16.536190476190477,16.536190476190477,16.536190476190477,0.0
2009-03-31,17.837727272727275,17.837727272727275,17.837727272727275,0.0
2009-04-30,15.623636363636365,15.596666666666668,15.623636363636365,0.02696969696969731
2009-05-31,12.50590909090909,12.50590909090909,12.50590909090909,0.0
2009-06-30,10.80590909090909,10.80590909090909,10.80590909090909,0.0
2009-07-31,10.27,10.27,10.27,0.0
2009-08-31,8.971428571428572,8.971428571428572,8.971428571428572,0.0
2009-09-30,8.452272727272726,8.452272727272726,8.452272727272726,0.0
2009-10-31,7.76304347826087,7.76304347826087,7.76304347826087,0.0
2009-11-30,7.561904761904763,7.561904761904763,7.561904761904763,0.0
2009-12-31,6.919130434782608,6.9363636363636365,6.919130434782608,-0.017233201581028368
2010-01-31,6.233181818181818,6.225714285714286,6.233181818181818,0.007467532467532401
2010-02-28,6.730952380952381,6.730952380952381,6.730952380952381,0.0
2010-03-31,6.121739130434783,6.121739130434783,6.121739130434783,0.0
2010-04-30,5.6040909090909095,5.593809523809524,5.6040909090909095,0.010281385281385447
2010-05-31,6.5009523809523815,6.5009523809523815,6.5009523809523815,0.0
2010-06-30,7.016818181818182,7.016818181818182,7.016818181818182,0.0
2010-07-31,6.778695652173913,6.778695652173913,6.778695652173913,0.0
2010-08-31,6.755909090909091,6.755909090909091,6.755909090909091,0.0
2010-09-30,6.421363636363637,6.421363636363637,6.421363636363637,0.0
2010-10-31,6.008181818181819,6.008181818181819,6.008181818181819,0.0
2010-11-30,5.872727272727272,5.872727272727272,5.872727272727272,0.0
2010-12-31,5.551304347826087,5.551304347826087,5.551304347826087,0.0
2011-01-31,5.1242857142857146,5.1242857142857146,5.1242857142857146,0.0
2011-02-28,4.657500000000001,4.657500000000001,4.657500000000001,0.0
2011-03-31,4.8365217391304345,4.8365217391304345,4.8365217391304345,0.0
2011-04-30,4.661818181818182,4.6623809523809525,4.661818181818182,-0.0005627705627704316
2011-05-31,4.846818181818182,4.846818181818182,4.846818181818182,0.0
2011-06-30,5.49,5.49,5.49,0.0
2011-07-31,5.434545454545455,5.434545454545455,5.434545454545455,0.0
2011-08-31,6.990434782608696,6.990434782608696,6.990434782608696,0.0
2011-09-30,7.675454545454546,7.675454545454546,7.675454545454546,0.0
2011-10-31,7.908571428571429,7.908571428571429,7.908571428571429,0.0
2011-11-30,7.606363636363636,7.606363636363636,7.606363636363636,0.0
2011-12-31,7.510434782608696,7.516818181818182,7.510434782608696,-0.006383399209485496
2012-01-31,6.8531818181818185,6.835238095238095,6.8531818181818185,0.017943722943723373
2012-02-29,6.244285714285714,6.244285714285714,6.244285714285714,0.0
2012-03-31,5.96304347826087,5.96304347826087,5.96304347826087,0.0
2012-04-30,6.12952380952381,6.1335,6.12952380952381,-0.0039761904761901334
2012-05-31,6.313478260869566,6.313478260869566,6.313478260869566,0.0
2012-06-30,6.7713636363636365,6.7713636363636365,6.7713636363636365,0.0
2012-07-31,6.355,6.355,6.355,0.0
2012-08-31,5.923043478260869,5.923043478260869,5.923043478260869,0.0
2012-09-30,5.611428571428571,5.611428571428571,5.611428571428571,0.0
2012-10-31,5.486521739130435,5.487727272727273,5.486521739130435,-0.001205533596838393
2012-11-30,5.709090909090909,5.709090909090909,5.709090909090909,0.0
2012-12-31,5.331904761904762,5.3365,5.331904761904762,-0.004595238095237875
2013-01-31,4.936521739130434,4.918181818181818,4.936521739130434,0.01833992094861614
2013-02-28,4.993,4.993,4.993,0.0
2013-03-31,4.804090909090909,4.804285714285714,4.804090909090909,-0.00019480519480552516
2013-04-30,4.76409090909091,4.76409090909091,4.76409090909091,0.0
2013-05-31,4.378260869565217,4.378260869565217,4.378260869565217,0.0
2013-06-30,5.058095238095238,5.058095238095238,5.058095238095238,0.0
2013-07-31,4.81695652173913,4.81695652173913,4.81695652173913,0.0
2013-08-31,4.751363636363636,4.750952380952381,4.751363636363636,0.00041125541125541787
2013-09-30,4.642857142857143,4.642857142857143,4.642857142857143,0.0
2013-10-31,4.554347826086956,4.554347826086956,4.554347826086956,0.0
2013-11-30,4.321363636363636,4.321363636363636,4.321363636363636,0.0
2013-12-31,4.081363636363637,4.087142857142857,4.081363636363637,-0.005779220779220218
2014-01-31,3.969130434782609,3.967727272727273,3.969130434782609,0.0014031620553356383
2014-02-28,4.0305,4.0305,4.0305,0.0
2014-03-31,3.8076190476190472,3.8076190476190472,3.8076190476190472,0.0
2014-04-30,3.7040909090909087,3.705238095238095,3.7040909090909087,-0.001147186147186563
2014-05-31,3.75,3.75,3.75,0.0
2014-06-30,3.471904761904762,3.471904761904762,3.471904761904762,0.0
2014-07-31,3.653043478260869,3.6530434782608694,3.6530434782608694,-4.440892098500626e-16
2014-08-31,3.9718181818181817,3.9718181818181817,3.9718181818181817,0.0
2014-09-30,4.06,4.06,4.06,0.0
2014-10-31,4.514347826086956,4.514347826086956,4.514347826086956,0.0
2014-11-30,4.457619047619048,4.457619047619048,4.457619047619048,0.0
2014-12-31,5.069565217391304,5.075909090909091,5.069565217391304,-0.006343873517787202
2015-01-31,5.288695652173913,5.294285714285714,5.288695652173913,-0.005590062111800798
2015-02-28,4.711428571428572,4.711428571428572,4.711428571428572,0.0
2015-03-31,4.664545454545455,4.664545454545455,4.664545454545455,0.0
2015-04-30,4.635454545454546,4.626666666666667,4.635454545454546,0.008787878787878789
2015-05-31,4.507727272727273,4.5095238095238095,4.507727272727273,-0.0017965367965366852
2015-06-30,4.66,4.66,4.66,0.0
2015-07-31,5.106086956521739,5.106086956521739,5.106086956521739,0.0
2015-08-31,5.658095238095238,5.658095238095238,5.658095238095238,0.0
2015-09-30,5.868181818181818,5.868181818181818,5.868181818181818,0.0
2015-10-31,6.197391304347826,6.197391304347826,6.197391304347826,0.0
2015-11-30,6.136190476190476,6.136190476190476,6.136190476190476,0.0
2015-12-31,6.8786956521739135,6.870909090909091,6.8786956521739135,0.007786561264822467
2016-01-31,7.594545454545455,7.625238095238095,7.594545454545455,-0.030692640692640438
2016-02-29,8.225714285714286,8.225714285714286,8.225714285714286,0.0
2016-03-31,6.980869565217391,6.983181818181818,6.980869565217391,-0.002312252964427053
2016-04-30,6.619545454545454,6.619545454545454,6.619545454545454,0.0
2016-05-31,6.260909090909092,6.260909090909092,6.260909090909092,0.0
2016-06-30,6.104090909090909,6.104090909090909,6.104090909090909,0.0
2016-07-31,5.649090909090909,5.649090909090909,5.649090909090909,0.0
2016-08-31,5.3,5.3,5.3,0.0
2016-09-30,5.1454545454545455,5.1454545454545455,5.1454545454545455,0.0
2016-10-31,4.736666666666666,4.736666666666666,4.736666666666666,0.0
2016-11-30,4.88909090909091,4.88909090909091,4.88909090909091,0.0
2016-12-31,4.277391304347826,4.282727272727272,4.277391304347826,-0.0053359683794464985
2017-01-31,4.0209090909090905,4.011428571428572,4.0209090909090905,0.009480519480518979
2017-02-28,3.853,3.853,3.853,0.0
2017-03-31,3.898260869565217,3.8982608695652172,3.8982608695652172,-4.440892098500626e-16
2017-04-30,3.9166666666666665,3.911,3.9166666666666665,0.005666666666666487
2017-05-31,3.743478260869565,3.743478260869565,3.743478260869565,0.0
2017-06-30,3.7509090909090905,3.7509090909090905,3.7509090909090905,0.0
2017-07-31,3.691904761904762,3.691904761904762,3.691904761904762,0.0
2017-08-31,3.833913043478261,3.8339130434782613,3.8339130434782613,-4.440892098500626e-16
2017-09-30,3.719090909090909,3.719090909090909,3.719090909090909,0.0
2017-10-31,3.492272727272727,3.492272727272727,3.492272727272727,0.0
2017-11-30,3.6818181818181817,3.6818181818181817,3.6818181818181817,0.0
2017-12-31,3.6,3.6019047619047617,3.6,-0.0019047619047616315
2018-01-31,3.361739130434782,3.3495454545454546,3.361739130434782,0.012193675889327515
2018-02-28,3.5420000000000003,3.5420000000000003,3.5420000000000003,0.0
2018-03-31,3.645217391304348,3.6386363636363637,3.645217391304348,0.006581027667984518
2018-04-30,3.473333333333333,3.473333333333333,3.473333333333333,0.0
2018-05-31,3.468695652173913,3.468695652173913,3.468695652173913,0.0
2018-06-30,3.4518181818181817,3.4518181818181817,3.4518181818181817,0.0
2018-07-31,3.5900000000000003,3.5900000000000003,3.5900000000000003,0.0
2018-08-31,3.4526086956521738,3.4526086956521738,3.4526086956521738,0.0
2018-09-30,3.341428571428572,3.3414285714285716,3.3414285714285716,4.440892098500626e-16
2018-10-31,3.5191304347826087,3.5191304347826087,3.5191304347826087,0.0
2018-11-30,4.017272727272727,4.017272727272727,4.017272727272727,0.0
2018-12-31,4.791428571428572,4.7635,4.791428571428572,0.02792857142857219
2019-01-31,4.605217391304348,4.572272727272727,4.605217391304348,0.03294466403162044
2019-02-28,4.128,4.128,4.128,0.0
2019-03-31,4.010454545454546,4.010454545454546,4.010454545454546,0.0
2019-04-30,3.780909090909091,3.7833333333333337,3.780909090909091,-0.00242424242424244
2019-05-31,4.06391304347826,4.06391304347826,4.06391304347826,0.0
2019-06-30,4.214285714285714,4.214285714285714,4.214285714285714,0.0
2019-07-31,3.997391304347826,3.997391304347826,3.997391304347826,0.0
2019-08-31,4.293913043478261,4.293913043478261,4.293913043478261,0.0
2019-09-30,3.943809523809524,3.9438095238095237,3.9438095238095237,4.440892098500626e-16
2019-10-31,4.098260869565218,4.098260869565218,4.098260869565218,0.0
2019-11-30,4.047272727272727,4.05,4.047272727272727,-0.0027272727272729114
2019-12-31,3.713181818181818,3.721904761904762,3.713181818181818,-0.00872294372294391
2020-01-31,3.601304347826087,3.6013636363636365,3.601304347826087,-5.9288537549662124e-05
2020-02-29,3.921904761904762,3.921904761904762,3.921904761904762,0.0
2020-03-31,7.854090909090909,7.854090909090909,7.854090909090909,0.0
2020-04-30,8.129999999999999,8.138095238095238,8.129999999999999,-0.0080952380952386
2020-05-31,7.287272727272727,7.287272727272727,7.287272727272727,0.0
2020-06-30,6.066363636363636,6.066363636363636,6.066363636363636,0.0
2020-07-31,5.699565217391305,5.699565217391305,5.699565217391305,0.0
2020-08-31,5.123809523809523,5.123809523809523,5.123809523809523,0.0
2020-09-30,5.26,5.26,5.26,0.0
2020-10-31,5.052173913043478,5.052173913043478,5.052173913043478,0.0
2020-11-30,4.525238095238096,4.5252380952380955,4.5252380952380955,8.881784197001252e-16
2020-12-31,4.044782608695653,4.044545454545455,4.044782608695653,0.00023715415019776032
2021-01-31,3.784090909090909,3.7804761904761905,3.784090909090909,0.003614718614718626
2021-02-28,3.526190476190476,3.526190476190476,3.526190476190476,0.0
2021-03-31,3.5473913043478262,3.5473913043478262,3.5473913043478262,0.0
2021-04-30,3.2709090909090905,3.268095238095238,3.2709090909090905,0.002813852813852602
2021-05-31,3.333809523809524,3.3338095238095242,3.3338095238095242,-4.440892098500626e-16
2021-06-30,3.174545454545455,3.174545454545455,3.174545454545455,0.0
2021-07-31,3.17304347826087,3.17304347826087,3.17304347826087,0.0
2021-08-31,3.321363636363636,3.321363636363636,3.321363636363636,0.0
2021-09-30,3.117272727272727,3.117272727272727,3.117272727272727,0.0
2021-10-31,3.149090909090909,3.149090909090909,3.149090909090909,0.0
2021-11-30,3.2245454545454546,3.2245454545454546,3.2245454545454546,0.0
2021-12-31,3.2630434782608693,3.269545454545455,3.2630434782608693,-0.006501976284585709
2022-01-31,3.2247619047619045,3.2247619047619045,3.2247619047619045,0.0
2022-02-28,3.646,3.646,3.646,0.0
2022-03-31,3.788695652173913,3.7886956521739132,3.7886956521739132,-4.440892098500626e-16
2022-04-30,3.6536363636363633,3.6523809523809527,3.6536363636363633,0.0012554112554106212
2022-05-31,4.487727272727273,4.487727272727273,4.487727272727273,0.0
2022-06-30,4.87,4.87,4.87,0.0
2022-07-31,5.300909090909091,5.300909090909091,5.300909090909091,0.0
2022-08-31,4.8,4.8,4.8,0.0
