idx,model,rw,y
2009-01-31,8.137468217484297,16.79391304347826,16.536190476190477
2009-02-28,7.698802413812035,16.536190476190477,17.837727272727275
2009-03-31,7.781309805030112,17.837727272727275,15.623636363636365
2009-04-30,7.906197384699925,15.623636363636365,12.50590909090909
2009-05-31,7.779678885499851,12.50590909090909,10.80590909090909
2009-06-30,7.738265893891219,10.80590909090909,10.27
2009-07-31,6.894735979460757,10.27,8.971428571428572
2009-08-31,6.9429314665409665,8.971428571428572,8.452272727272726
2009-09-30,6.914835629897016,8.452272727272726,7.76304347826087
2009-10-31,6.906557626807113,7.76304347826087,7.561904761904763
2009-11-30,6.214370491896003,7.561904761904763,6.919130434782608
2009-12-31,6.154952431660215,6.919130434782608,6.233181818181818
2010-01-31,7.180592630469327,6.233181818181818,6.730952380952381
2010-02-28,6.33932226515096,6.730952380952381,6.121739130434783
2010-03-31,6.33521068870717,6.121739130434783,5.6040909090909095
2010-04-30,6.390505839287397,5.6040909090909095,6.5009523809523815
2010-05-31,6.339187133445702,6.5009523809523815,7.016818181818182
2010-06-30,5.742933440304216,7.016818181818182,6.778695652173913
2010-07-31,4.2158803837577175,6.778695652173913,6.755909090909091
2010-08-31,4.161013332008016,6.755909090909091,6.421363636363637
2010-09-30,4.19776676245709,6.421363636363637,6.008181818181819
2010-10-31,4.048185191385396,6.008181818181819,5.872727272727272
2010-11-30,4.00745999050509,5.872727272727272,5.551304347826087
2010-12-31,4.159386663042356,5.551304347826087,5.1242857142857146
2011-01-31,4.252056816437446,5.1242857142857146,4.657500000000001
2011-02-28,4.254666663171199,4.657500000000001,4.8365217391304345
2011-03-31,5.003138500307536,4.8365217391304345,4.661818181818182
2011-04-30,4.1647553376718625,4.661818181818182,4.846818181818182
2011-05-31,4.2161358937114075,4.846818181818182,5.49
2011-06-30,4.149092108328184,5.49,5.434545454545455
2011-07-31,4.340547359070407,5.434545454545455,6.990434782608696
2011-08-31,4.428116444208612,6.990434782608696,7.675454545454546
2011-09-30,4.398647715360683,7.675454545454546,7.908571428571429
2011-10-31,4.464665459150064,7.908571428571429,7.606363636363636
2011-11-30,4.438389594937284,7.606363636363636,7.510434782608696
2011-12-31,4.4728776488375335,7.510434782608696,6.8531818181818185
2012-01-31,5.152797129656708,6.8531818181818185,6.244285714285714
2012-02-29,5.420551466349382,6.244285714285714,5.96304347826087
2012-03-31,5.403909464173678,5.96304347826087,6.12952380952381
2012-04-30,5.191143884415923,6.12952380952381,6.313478260869566
2012-05-31,5.077914263598723,6.313478260869566,6.7713636363636365
2012-06-30,5.031165316211137,6.7713636363636365,6.355
2012-07-31,4.998312930934232,6.355,5.923043478260869
2012-08-31,4.433049380425823,5.923043478260869,5.611428571428571
2012-09-30,4.452419557638274,5.611428571428571,5.486521739130435
2012-10-31,4.420997547905858,5.486521739130435,5.709090909090909
2012-11-30,4.242505287925287,5.709090909090909,5.331904761904762
2012-12-31,4.306376972290568,5.331904761904762,4.936521739130434
2013-01-31,4.904324297494691,4.936521739130434,4.993
2013-02-28,5.006695036972582,4.993,4.804090909090909
2013-03-31,4.929553428320062,4.804090909090909,4.76409090909091
2013-04-30,4.990110005191259,4.76409090909091,4.378260869565217
2013-05-31,4.888839171037275,4.378260869565217,5.058095238095238
2013-06-30,4.841914606859558,5.058095238095238,4.81695652173913
2013-07-31,4.806535545810403,4.81695652173913,4.751363636363636
2013-08-31,4.806066598456428,4.751363636363636,4.642857142857143
2013-09-30,4.7696257214913444,4.642857142857143,4.554347826086956
2013-10-31,4.947280370308,4.554347826086956,4.321363636363636
2013-11-30,4.93243365518539,4.321363636363636,4.081363636363637
2013-12-31,4.618940012083602,4.081363636363637,3.969130434782609
2014-01-31,4.467864764232276,3.969130434782609,4.0305
2014-02-28,4.601261492691444,4.0305,3.8076190476190472
2014-03-31,4.58451533617284,3.8076190476190472,3.7040909090909087
2014-04-30,4.557200222780153,3.7040909090909087,3.75
2014-05-31,4.530713778869832,3.75,3.471904761904762
2014-06-30,4.529634731954362,3.471904761904762,3.653043478260869
2014-07-31,4.499177169757974,3.653043478260869,3.9718181818181817
2014-08-31,4.5132733070747415,3.9718181818181817,4.06
2014-09-30,4.384792454981825,4.06,4.514347826086956
2014-10-31,4.331824128079259,4.514347826086956,4.457619047619048
2014-11-30,4.314049220305875,4.457619047619048,5.069565217391304
2014-12-31,4.335134993185515,5.069565217391304,5.288695652173913
2015-01-31,4.2458664328518,5.288695652173913,4.711428571428572
2015-02-28,4.281682035091477,4.711428571428572,4.664545454545455
2015-03-31,4.263097095126059,4.664545454545455,4.635454545454546
2015-04-30,4.251955509808038,4.635454545454546,4.507727272727273
2015-05-31,4.28372205419546,4.507727272727273,4.66
2015-06-30,4.2664537664270235,4.66,5.106086956521739
2015-07-31,4.252282604912814,5.106086956521739,5.658095238095238
2015-08-31,4.127828707274606,5.658095238095238,5.868181818181818
2015-09-30,4.295271111541885,5.868181818181818,6.197391304347826
2015-10-31,4.2456078182686445,6.197391304347826,6.136190476190476
2015-11-30,4.2195827977019515,6.136190476190476,6.8786956521739135
2015-12-31,4.231306061265381,6.8786956521739135,7.594545454545455
2016-01-31,4.834241278923335,7.594545454545455,8.225714285714286
2016-02-29,4.427441704057545,8.225714285714286,6.980869565217391
2016-03-31,4.4103526913903925,6.980869565217391,6.619545454545454
2016-04-30,4.541864970236418,6.619545454545454,6.260909090909092
2016-05-31,4.543236885553632,6.260909090909092,6.104090909090909
2016-06-30,4.602437418679927,6.104090909090909,5.649090909090909
2016-07-31,4.574892759552608,5.649090909090909,5.3
2016-08-31,4.557237608590344,5.3,5.1454545454545455
2016-09-30,4.574589579445748,5.1454545454545455,4.736666666666666
2016-10-31,4.575695846183667,4.736666666666666,4.88909090909091
2016-11-30,4.49846314576929,4.88909090909091,4.277391304347826
2016-12-31,4.230162120585293,4.277391304347826,4.0209090909090905
2017-01-31,4.299505905172886,4.0209090909090905,3.853
2017-02-28,4.366157012178504,3.853,3.898260869565217
2017-03-31,4.8837907895755475,3.898260869565217,3.9166666666666665
2017-04-30,4.004390694777189,3.9166666666666665,3.743478260869565
2017-05-31,3.863925496435631,3.743478260869565,3.7509090909090905
2017-06-30,3.7895205428181935,3.7509090909090905,3.691904761904762
2017-07-31,3.7598165375040353,3.691904761904762,3.833913043478261
2017-08-31,3.7372185578942703,3.833913043478261,3.719090909090909
2017-09-30,3.6557707017748515,3.719090909090909,3.492272727272727
2017-10-31,3.7452999193258028,3.492272727272727,3.6818181818181817
2017-11-30,4.026250049893907,3.6818181818181817,3.6
2017-12-31,4.025607078978563,3.6,3.361739130434782
2018-01-31,4.120540952357427,3.361739130434782,3.5420000000000003
2018-02-28,4.295579415409083,3.5420000000000003,3.645217391304348
2018-03-31,4.287063902242253,3.645217391304348,3.473333333333333
2018-04-30,5.749625042591512,3.473333333333333,3.468695652173913
2018-05-31,5.825202187935066,3.468695652173913,3.4518181818181817
2018-06-30,6.527779653161489,3.4518181818181817,3.5900000000000003
2018-07-31,5.911614617813376,3.5900000000000003,3.4526086956521738
2018-08-31,5.798579845657526,3.4526086956521738,3.341428571428572
2018-09-30,5.919461692270421,3.341428571428572,3.5191304347826087
2018-10-31,5.783390179787425,3.5191304347826087,4.017272727272727
2018-11-30,5.673703792316465,4.017272727272727,4.791428571428572
2018-12-31,4.472664230447778,4.791428571428572,4.605217391304348
2019-01-31,3.6154733968745085,4.605217391304348,4.128
2019-02-28,3.7038697354863364,4.128,4.010454545454546
2019-03-31,3.710018678992492,4.010454545454546,3.780909090909091
2019-04-30,3.6532407408107654,3.780909090909091,4.06391304347826
2019-05-31,3.7078375347037356,4.06391304347826,4.214285714285714
2019-06-30,3.658243571209548,4.214285714285714,3.997391304347826
2019-07-31,3.7251172213253896,3.997391304347826,4.293913043478261
2019-08-31,3.8592468242895746,4.293913043478261,3.943809523809524
2019-09-30,4.9304708177245296,3.943809523809524,4.098260869565218
2019-10-31,4.8438714422663125,4.098260869565218,4.047272727272727
2019-11-30,5.157898702152961,4.047272727272727,3.713181818181818
2019-12-31,4.872088109110555,3.713181818181818,3.601304347826087
2020-01-31,4.952422280923142,3.601304347826087,3.921904761904762
2020-02-29,5.149368071010127,3.921904761904762,7.854090909090909
2020-03-31,5.1724583147883045,7.854090909090909,8.129999999999999
2020-04-30,8.643244386573702,8.129999999999999,7.287272727272727
2020-05-31,8.90558251771019,7.287272727272727,6.066363636363636
2020-06-30,13.721297970964073,6.066363636363636,5.699565217391305
2020-07-31,14.478832837612483,5.699565217391305,5.123809523809523
2020-08-31,14.03190553857115,5.123809523809523,5.26
2020-09-30,8.174203268199413,5.26,5.052173913043478
2020-10-31,8.213387688804827,5.052173913043478,4.525238095238096
2020-11-30,8.31613276448603,4.525238095238096,4.044782608695653
2020-12-31,7.9229153654660776,4.044782608695653,3.784090909090909
2021-01-31,6.421883293901004,3.784090909090909,3.526190476190476
2021-02-28,6.439340936747502,3.526190476190476,3.5473913043478262
2021-03-31,7.745375771024759,3.5473913043478262,3.2709090909090905
2021-04-30,5.49134597701508,3.2709090909090905,3.333809523809524
2021-05-31,5.175399740650187,3.333809523809524,3.174545454545455
2021-06-30,4.832142471364599,3.174545454545455,3.17304347826087
2021-07-31,4.799569507910179,3.17304347826087,3.321363636363636
2021-08-31,4.95350587573905,3.321363636363636,3.117272727272727
2021-09-30,7.707231268914734,3.117272727272727,3.149090909090909
2021-10-31,8.036903217709845,3.149090909090909,3.2245454545454546
2021-11-30,7.930156756367456,3.2245454545454546,3.2630434782608693
2021-12-31,5.068755086751683,3.2630434782608693,3.2247619047619045
2022-01-31,3.6397465168905687,3.2247619047619045,3.646
2022-02-28,3.686895219975095,3.646,3.788695652173913
2022-03-31,3.957520896739132,3.788695652173913,3.6536363636363633
2022-04-30,4.135977526179609,3.6536363636363633,4.487727272727273
2022-05-31,4.481923375531042,4.487727272727273,4.87
2022-06-30,6.2080218788995465,4.87,5.300909090909091
2022-07-31,6.057621742188227,5.300909090909091,4.8
