Month_End,CPI,FEDFUNDS,Industrial_Production,GDP,Unemployment_Rate,Consumer_Sentiment,Credit_Spread,Regime_Label,Regime_Prob_0,Regime_Prob_1,Regime_Prob_2,Regime_Prob_3,Regime_Prob_4,Regime_Prob_5,Regime_Prob_6,Regime_Prob_7,Regime_Prob_8,Regime_Prob_9,Regime_Label_Smoothed,Regime_Name
1996-12-31,159.1,5.29,77.3772,1.86627256498311,5.4,96.9,3.13,3,5.221304933785896e-29,5.5602477947e-314,2.8326404207644326e-59,1.0,0.0,1.4090120369939187e-195,0.0,0.0,0.0,7.310310344520112e-52,3.0,Early Recovery
1997-01-31,159.4,5.25,77.5135,1.95264311049976,5.3,97.4,3.03695652173913,3,1.999374904059543e-29,1.462489556909074e-306,1.9075995161346927e-59,1.0,0.0,2.872078187258892e-194,0.0,0.0,0.0,2.403328035221676e-49,3.0,Early Recovery
1997-02-28,159.7,5.19,78.4255,2.0608764944371,5.2,99.7,2.956,3,1.7001790679820336e-29,4.480301137352875e-293,2.2853629472568204e-60,1.0,0.0,3.978137802451099e-189,0.0,0.0,0.0,1.2517718652785464e-44,3.0,Early Recovery
1997-03-31,159.8,5.39,78.9197,2.1904152460859,5.2,100.0,2.696190476190476,3,2.223333639604115e-30,3.396840551366619e-296,1.2488210027928681e-61,1.0,0.0,3.0471138087641156e-192,0.0,0.0,0.0,1.4139718365485205e-43,3.0,Early Recovery
1997-04-30,159.9,5.51,78.9848,2.33758201596323,5.1,101.4,2.893181818181818,3,1.664941313789431e-32,4.3471670643459964e-297,2.548741867090022e-64,1.0,0.0,1.5923287717850092e-196,0.0,0.0,0.0,3.155141040136037e-42,3.0,Early Recovery
1997-05-31,159.9,5.5,79.4296,2.49629264691983,4.9,103.2,2.721739130434783,3,5.288768136010318e-34,6.406898778419391e-289,2.330220035650935e-66,1.0,0.0,2.1497063195640614e-196,0.0,0.0,0.0,1.299325911233669e-38,3.0,Early Recovery
1997-06-30,160.2,5.56,79.7971,2.66221789104736,5.0,104.5,2.617142857142857,3,6.29669125902577e-35,1.1907729544001758e-278,1.6177970579169945e-66,1.0,0.0,4.1702680639751044e-195,0.0,0.0,0.0,2.9081877067076506e-36,3.0,Early Recovery
1997-07-31,160.4,5.52,80.4666,2.834989218141609,4.9,107.1,2.7247826086956524,3,4.703504924815778e-36,1.3881400485111892e-264,4.747047186951366e-68,1.0,0.0,4.705348086470128e-192,0.0,0.0,0.0,2.3832062144227754e-32,3.0,Early Recovery
1997-08-31,160.8,5.54,81.2825,3.01459709149686,4.8,104.4,2.5436363636363635,3,1.3319020745343138e-34,7.149415370403864e-254,4.851014999238435e-64,1.0,0.0,5.796646233494157e-188,0.0,0.0,0.0,9.472070037458598e-29,3.0,Early Recovery
1997-09-30,161.2,5.54,82.0327,3.19724732702158,4.9,106.0,2.5945454545454543,3,1.0007356108998096e-34,3.1188124477339174e-238,2.91106550767593e-63,1.0,0.0,5.737764425840872e-183,0.0,0.0,0.0,8.536382054289348e-26,3.0,Early Recovery
1997-10-31,161.5,5.5,82.7656,3.37065391360613,4.7,105.6,2.605652173913044,3,1.504844728093637e-34,1.2638783504736233e-227,6.088728158255146e-62,1.0,0.0,9.892197433048382e-180,0.0,0.0,0.0,1.5901822063966955e-22,3.0,Early Recovery
1997-11-30,161.7,5.52,83.427,3.51750245921205,4.6,107.2,2.8595238095238096,3,2.172707179304769e-35,3.3529589420636654e-220,4.331445982731374e-63,1.0,0.0,2.1111681474692956e-178,0.0,0.0,0.0,2.288728300508043e-20,3.0,Early Recovery
1997-12-31,161.8,5.5,83.784,3.61950925126506,4.7,102.1,2.890434782608696,3,1.7046787504183844e-32,1.2597455239277057e-213,2.4554459528370004e-55,1.0,0.0,1.95543866553414e-173,0.0,0.0,0.0,2.8403722453863385e-19,3.0,Early Recovery
1998-01-31,162.0,5.56,84.1564,3.663242424141631,4.6,106.6,3.0204347826086955,3,7.528826238256267e-35,7.01882478309063e-213,3.85119228340754e-61,1.0,0.0,1.4185661355457905e-175,0.0,0.0,0.0,1.6798655475459003e-18,3.0,Early Recovery
1998-02-28,162.0,5.51,84.3066,3.6396086969549697,4.6,110.4,2.9233333333333333,3,6.355003142021515e-36,9.871186945747446e-209,6.653241035560588e-65,1.0,0.0,1.3710815104612792e-174,0.0,0.0,0.0,2.4736657518062206e-18,3.0,Early Recovery
1998-03-31,162.0,5.49,84.342,3.54902389803892,4.7,106.5,2.833636363636364,3,3.752928013429699e-33,3.3113120281522733e-211,4.619248125801109e-60,1.0,0.0,7.445190767708254e-172,0.0,0.0,0.0,9.867813859996658e-19,3.0,Early Recovery
1998-04-30,162.2,5.45,84.6339,3.40799428201532,4.3,108.7,2.846363636363636,3,8.66421427298928e-34,4.23529943860515e-221,3.272521632783091e-65,1.0,0.0,1.1194343984335545e-174,0.0,0.0,0.0,2.8876032996450277e-18,3.0,Early Recovery
1998-05-31,162.6,5.49,85.1867,3.23745089450095,4.4,106.5,3.001818181818182,3,9.896252184298791e-31,6.106631084975249e-229,1.409372266555253e-62,1.0,0.0,7.31413452458886e-172,0.0,0.0,0.0,7.95279453788545e-19,3.0,Early Recovery
1998-06-30,162.8,5.56,84.6809,3.05408135758864,4.5,105.6,3.242272727272727,3,4.681174156526002e-30,2.93068117678219e-243,6.552828861704668e-63,1.0,0.0,1.0088693573961156e-174,0.0,0.0,0.0,1.3606476096622977e-21,3.0,Early Recovery
1998-07-31,163.2,5.54,84.3445,2.86384711838923,4.5,105.2,3.3360869565217395,3,4.700945129701565e-29,7.618682566234699e-254,3.118272200537048e-63,1.0,0.0,3.8493874572625175e-175,0.0,0.0,0.0,9.815808360953901e-24,3.0,Early Recovery
1998-08-31,163.4,5.55,86.0816,2.66951164917636,4.5,104.4,3.9580952380952383,3,5.312068957009432e-25,3.344314840709968e-263,4.560587946959718e-61,1.0,0.0,3.8013986108350783e-168,0.0,0.0,0.0,3.967044188426539e-23,3.0,Early Recovery
1998-09-30,163.5,5.51,86.0023,2.47854584797106,4.6,100.9,5.6054545454545455,3,2.983613913046125e-22,1.0430483406302452e-271,4.408152486679333e-57,1.0,0.0,4.301223684257488e-166,0.0,0.0,0.0,3.136877134649138e-25,3.0,Early Recovery
1998-10-31,163.9,5.07,86.591,2.31165960767427,4.5,97.4,6.432173913043478,3,6.938643285785468e-18,8.776498323377308e-252,6.622757039266562e-50,1.0,0.0,4.024041180169317e-152,0.0,0.0,0.0,1.7628570291089347e-22,3.0,Early Recovery
1998-11-30,164.1,4.83,86.5115,2.19240001295308,4.4,102.7,5.703809523809523,3,1.6294323262744365e-18,3.2560847905122035e-243,8.625300354844737e-54,1.0,0.0,2.809181839052063e-146,0.0,0.0,0.0,1.927732903857538e-22,3.0,Early Recovery
1998-12-31,164.4,4.68,86.8615,2.13584412985888,4.4,100.5,5.538260869565217,3,1.8928409843342839e-16,3.0597952389399415e-235,5.395271052396612e-50,0.9999999999999998,0.0,1.6166916050747074e-140,0.0,0.0,0.0,3.402535090933471e-21,3.0,Early Recovery
1999-01-31,164.7,4.63,87.2205,2.13367370056797,4.3,103.9,5.553636363636364,3,5.598832295089212e-17,7.821484974080864e-233,8.505631499310064e-53,1.0,0.0,1.5927267640833076e-138,0.0,0.0,0.0,1.364597131174311e-20,3.0,Early Recovery
1999-02-28,164.7,4.76,87.726,2.169507266460029,4.4,108.1,5.31047619047619,3,4.402667078107859e-18,8.035635925238188e-236,1.242211265640947e-56,1.0,0.0,3.0115482433528425e-139,0.0,0.0,0.0,5.091705169183946e-21,3.0,Early Recovery
1999-03-31,164.8,4.81,87.9125,2.23031054042464,4.2,105.7,5.235652173913044,3,5.080259491314139e-18,6.10650103120324e-241,1.0900717070775708e-55,1.0,0.0,9.398707708326267e-142,0.0,0.0,0.0,7.261315594883402e-20,3.0,Early Recovery
1999-04-30,165.9,4.74,88.1082,2.31467250782946,4.3,104.6,5.035454545454545,3,5.021269925702784e-17,7.76300624500193e-225,1.214493380683375e-52,1.0,0.0,6.247072609495813e-137,0.0,0.0,0.0,7.12950301854946e-18,3.0,Early Recovery
1999-05-31,166.0,4.74,88.6483,2.4283595601863,4.2,106.8,4.701904761904761,3,9.999287999742434e-18,2.1073038928395645e-218,2.0473266709429066e-54,1.0,0.0,5.336734168253749e-136,0.0,0.0,0.0,3.2014457189559176e-16,3.0,Early Recovery
1999-06-30,166.0,4.76,88.5903,2.5783819066313094,4.3,107.3,4.672272727272728,3,1.753524173781954e-18,5.023634109784197e-207,3.451242290668622e-54,0.9999999999999964,0.0,8.814697268623807e-136,0.0,0.0,0.0,3.694995910764145e-15,3.0,Early Recovery
1999-07-31,166.7,4.99,89.1098,2.76503906993034,4.3,106.0,4.797826086956522,3,3.8445678870699324e-19,7.477427815736949e-210,9.031617065353171e-54,0.9999999999999016,0.0,2.0899070088570956e-139,0.0,0.0,0.0,9.833452434256203e-14,3.0,Early Recovery
1999-08-31,167.1,5.07,89.5007,2.9837506084688,4.2,104.5,4.819090909090909,3,1.0461892039021203e-19,2.6325178491892956e-204,2.119773491816985e-52,0.9999999999874869,0.0,4.481821451964182e-141,0.0,0.0,0.0,1.251303330055193e-11,3.0,Early Recovery
1999-09-30,167.8,5.22,89.1304,3.2243023191814,4.2,107.2,5.042727272727273,3,1.0521360247744559e-22,1.812340977929118e-198,8.286243860055746e-56,0.999999999966728,0.0,1.76785308112193e-145,0.0,0.0,0.0,3.3272057503156186e-11,3.0,Early Recovery
1999-10-31,168.1,5.2,90.2709,3.46738918035314,4.1,103.2,5.001818181818182,3,3.348494075790938e-21,3.796585761639116e-187,7.500891409553453e-50,0.9999999657950985,0.0,3.1276952933703715e-142,0.0,0.0,0.0,3.4204901475330596e-08,3.0,Early Recovery
1999-11-30,168.4,5.42,90.7528,3.6921703371725902,4.1,107.2,5.08,3,4.7487264210186605e-24,9.978021579012884e-186,1.4276589748368064e-54,0.9999998972863704,0.0,3.8655076629098806e-146,0.0,0.0,0.0,1.0271362963435431e-07,3.0,Early Recovery
1999-12-31,168.8,5.3,91.4784,3.8832214373293104,4.0,105.4,4.773478260869566,3,4.8544974994084634e-23,2.2505465854265707e-171,2.388180086347931e-50,0.9999958317547945,0.0,3.1363561494005586e-141,0.0,0.0,0.0,4.1682452056131686e-06,3.0,Early Recovery
2000-01-31,169.3,5.45,91.4092,4.03937100693859,4.0,112.0,4.784285714285714,3,8.86719565839831e-27,6.915758095146634e-167,5.170660870992423e-58,0.9999988852160252,0.0,1.7570301739157036e-144,0.0,0.0,0.0,1.1147839748303864e-06,3.0,Early Recovery
2000-02-29,170.0,5.73,91.7245,4.16297970613698,4.1,111.3,4.902380952380953,3,9.198319268840195e-28,3.018137011501613e-175,2.9369617635780204e-58,0.9999978643235689,0.0,1.5560810225598475e-149,0.0,0.0,0.0,2.135676431188249e-06,3.0,Early Recovery
2000-03-31,171.0,5.85,92.083,4.25526154684741,4.0,107.1,5.368695652173913,3,7.337421064440018e-27,1.040034702161749e-183,2.9276515363223215e-54,0.9999852736182154,0.0,8.797255294007702e-153,0.0,0.0,0.0,1.4726381784705576e-05,3.0,Early Recovery
2000-04-30,170.9,6.02,92.6659,4.30882793054142,3.8,109.2,5.846666666666667,3,1.2385219714916944e-28,1.629596505035151e-195,1.0067827702671581e-58,0.99994908160831,0.0,8.233097247403466e-159,0.0,0.0,0.0,5.0918391690131836e-05,3.0,Early Recovery
2000-05-31,171.2,6.27,92.9347,4.313402370171088,4.0,110.7,5.897826086956522,3,2.342522880107688e-29,1.619640241098481e-204,3.668263007456284e-61,0.999972693868625,0.0,2.7987411410775904e-162,0.0,0.0,0.0,2.730613137489052e-05,3.0,Early Recovery
2000-06-30,172.2,6.53,93.0018,4.263226663359752,4.0,106.4,6.135909090909092,3,5.084721487415464e-28,4.268154409651849e-230,1.6038301056487574e-58,0.9999854406844115,0.0,1.944837314533641e-170,0.0,0.0,0.0,1.4559315588344104e-05,3.0,Early Recovery
2000-07-31,172.7,6.54,92.8373,4.16779496773696,4.0,108.3,6.123333333333333,3,2.9774446683665454e-28,1.783882133871508e-233,3.557546276886993e-61,0.9999940611763837,0.0,5.902045403449952e-170,0.0,0.0,0.0,5.938823616142965e-06,3.0,Early Recovery
2000-08-31,172.7,6.5,92.591,4.04231416299496,4.1,107.3,6.361304347826087,3,5.5220353941088526e-27,8.665718360866497e-236,7.2888166167047e-60,0.9999988112027706,0.0,2.601424930881806e-168,0.0,0.0,0.0,1.1887972297188847e-06,3.0,Early Recovery
2000-09-30,173.6,6.52,92.9827,3.9013472791196895,3.9,106.8,6.453636363636363,3,1.3360815020642357e-25,4.638137543487051e-253,2.0583862562046596e-60,0.9999989523072211,0.0,8.907884173879788e-170,0.0,0.0,0.0,1.047692778931525e-06,3.0,Early Recovery
2000-10-31,173.9,6.51,92.64,3.75460276119967,3.9,105.8,7.292272727272728,3,1.4393940842580082e-24,8.865501029173175e-263,5.62247833460924e-60,0.9999999104816606,0.0,2.4281407938633854e-170,0.0,0.0,0.0,8.951833949920415e-08,3.0,Early Recovery
2000-11-30,174.2,6.51,92.6604,3.6065436096409904,3.9,107.6,8.088181818181818,3,3.751351644960095e-24,3.382020356507487e-271,3.2599663277570417e-62,0.9999999896878249,0.0,5.78116998413008e-169,0.0,0.0,0.0,1.0312175281321203e-08,3.0,Early Recovery
2000-12-31,174.6,6.4,92.3457,3.45638640460454,3.9,98.4,9.01590909090909,3,1.0733013599514596e-19,7.864076702395059e-282,5.2444616951158635e-52,0.999999998752596,0.0,2.6523850528272747e-170,0.0,0.0,0.0,1.2474039414300464e-09,3.0,Early Recovery
2001-01-31,175.6,5.98,91.8908,3.29806225227922,4.2,94.7,8.493478260869566,3,3.7437003773873283e-16,6.628407639080822e-248,8.491847933144139e-44,0.99999999313795,0.0,8.911912194533719e-155,0.0,0.0,0.0,6.862049479392269e-09,3.0,Early Recovery
2001-02-28,176.0,5.49,91.2851,3.12344687320423,4.2,90.6,7.6075,3,4.2668187030834054e-13,9.457008665730382e-224,8.914255193551815e-37,0.9999999372855994,0.0,7.588522612341663e-143,0.0,0.0,0.0,6.271397365503675e-08,3.0,Early Recovery
2001-03-31,176.1,5.31,91.0585,2.92930018413188,4.3,91.5,7.915217391304348,3,5.036763848357976e-12,2.2926374601722095e-217,1.195604020162016e-36,0.9999999850339593,0.0,4.111617078020142e-136,0.0,0.0,0.0,1.4961003909788677e-08,3.0,Early Recovery
2001-04-30,176.4,4.8,90.7384,2.72045602318432,4.4,88.4,8.5,3,8.877970965144717e-09,1.9061228820844436e-191,4.770603736004647e-30,0.9999997106283526,0.0,1.0139162862622295e-121,0.0,0.0,0.0,2.8049367630441606e-07,3.0,Early Recovery
2001-05-31,177.3,4.21,90.2607,2.50483675449179,4.3,92.0,7.688695652173913,3,3.156643020559672e-07,2.778188190407048e-162,5.428754395032165e-30,0.9999979031292778,0.0,1.5940797080388993e-105,0.0,0.0,0.0,1.781206420127367e-06,3.0,Early Recovery
2001-06-30,177.7,3.97,89.7811,2.28893726657304,4.5,92.6,8.056818181818182,3,1.3386773751967275e-05,9.736915591191044e-153,1.9533780538387232e-28,0.9999863633220776,0.0,1.1488022044373494e-97,0.0,0.0,0.0,2.499041704231207e-07,3.0,Early Recovery
2001-07-31,177.4,3.77,89.2352,2.073910088310789,4.6,92.4,8.26,3,0.0001809539251903487,1.9587090475865902e-150,2.744555550245747e-27,0.9998190299890323,0.0,2.1716961007173705e-93,0.0,0.0,0.0,1.608577780603615e-08,3.0,Early Recovery
2001-08-31,177.4,3.65,89.157,1.85843170274843,4.9,91.5,8.05304347826087,3,0.008970916696247742,7.841483196083736e-148,1.1443197937480992e-24,0.9910290816995129,0.0,9.311319690040427e-88,0.0,0.0,0.0,1.6042397448103108e-09,3.0,Early Recovery
2001-09-30,178.1,3.07,88.6749,1.64155006797682,5.0,81.8,9.096666666666668,0,0.9935815475130639,1.9534087583747207e-127,6.4267615284829645e-15,0.006418418480705065,0.0,9.429799831028034e-77,0.0,0.0,0.0,3.400622497149725e-08,0.0,Boom Phase
2001-10-31,177.6,2.49,88.4051,1.42559171005733,5.3,82.7,9.796521739130435,0,0.9999965019443953,2.3515126831347835e-105,1.3007691362590257e-13,3.497851438068529e-06,0.0,3.0025680390727394e-64,0.0,0.0,0.0,2.040369018500897e-10,0.0,Boom Phase
2001-11-30,177.5,2.09,87.886,1.21719805044304,5.5,83.9,8.79409090909091,0,0.9999999827524985,3.6888163171100825e-96,2.2536414204918409e-13,1.7246886501994456e-08,0.0,1.5742672981339538e-57,0.0,0.0,0.0,3.8937513689456405e-13,0.0,Boom Phase
2001-12-31,177.4,1.82,87.8518,1.02836315113504,5.7,88.8,8.294761904761904,0,0.9999999997569602,1.228778731252465e-92,1.4132416873732833e-15,2.430385607886007e-10,0.0,1.8652148385166138e-53,1.610872e-317,0.0,0.0,5.4046928218174916e-17,0.0,Boom Phase
2002-01-31,177.7,1.73,88.4634,0.877133795560125,5.7,93.0,8.157826086956522,0,0.9999999999444946,1.6510702709137198e-94,6.120716363883655e-18,5.550533615979599e-11,0.0,8.13161925994374e-52,8.887076555822786e-283,0.0,0.0,1.9837117970149897e-19,0.0,Boom Phase
2002-02-28,178.0,1.74,88.4578,0.782942824510886,5.7,90.7,8.103,0,0.9999999998912146,4.029282225628431e-97,1.2878866172355987e-16,1.0878562053961252e-10,0.0,3.809191925700863e-51,2.5695179663563252e-283,0.0,0.0,7.915840072811043e-19,0.0,Boom Phase
2002-03-31,178.5,1.73,89.1265,0.755417681586229,5.7,95.7,7.318636363636363,0,0.999999999970254,4.6669609488300727e-98,2.279912249996707e-19,2.9745878888604724e-11,0.0,1.7046398770523861e-50,2.0764339697346291e-258,0.0,0.0,4.643879638778646e-21,0.0,Boom Phase
2002-04-30,179.3,1.75,89.5507,0.786086303238392,5.9,93.0,7.159090909090909,0,0.9999999999934832,5.108839828765883e-92,4.802595898335959e-17,6.5167748493510315e-12,0.0,1.8284034538784413e-47,7.861365063264693e-252,0.0,0.0,1.295974970907097e-19,0.0,Boom Phase
2002-05-31,179.5,1.75,89.9348,0.857632968400275,5.8,96.9,7.026521739130434,0,0.999999999996569,6.966014281781571e-91,1.6131966768501185e-19,3.431005772609024e-12,0.0,4.665116638608247e-48,1.0376799577290984e-242,0.0,0.0,8.125730779863594e-21,0.0,Boom Phase
2002-06-30,179.6,1.75,90.6736,0.950196920019905,5.8,92.4,7.975714285714286,0,0.9999999999971527,1.1422954300329206e-82,1.7562375506079447e-16,2.8470743275159155e-12,0.0,9.507284324917709e-45,1.7484807379504768e-242,0.0,0.0,2.9623385974247786e-17,0.0,Boom Phase
2002-07-31,180.0,1.73,90.6436,1.04486645340358,5.8,88.1,9.360434782608696,0,0.9999999999977751,9.499237755349387e-77,1.1377079553286675e-13,2.098603418224475e-12,0.0,2.508406049849792e-43,2.2072220746137793e-251,0.0,0.0,1.2334635156224609e-14,0.0,Boom Phase
2002-08-31,180.5,1.74,90.5505,1.12458228731642,5.7,87.6,9.78608695652174,0,0.9999999999969045,5.610526432131372e-75,1.6291770417726294e-13,2.861050730358248e-12,8.15e-322,1.0291926964571952e-43,1.2820108381564935e-257,0.0,0.0,7.153557167943276e-14,0.0,Boom Phase
2002-09-30,180.8,1.75,90.6373,1.17501034173203,5.7,86.1,9.84952380952381,0,0.9999999999949121,6.91222217933682e-73,1.7993134719601663e-12,2.57251904238117e-12,2.026516564e-315,3.147352463295332e-43,1.4789988283115898e-260,0.0,0.0,7.161352523229424e-13,0.0,Boom Phase
2002-10-31,181.2,1.75,90.3988,1.18660964277925,5.7,80.6,10.677391304347829,0,0.9999999945333244,2.5662021509025865e-72,5.26461072088575e-09,3.967644587860081e-12,2.6426977747e-314,4.423494894954039e-43,1.6093440853260374e-274,0.0,0.0,1.9809736335463043e-10,0.0,Boom Phase
2002-11-30,181.5,1.34,90.8947,1.15383827664809,5.9,84.2,9.648181818181818,0,0.9999999992448505,1.5436349908594607e-58,7.550511772865131e-10,1.19500776920856e-15,1.3810025697486743e-291,3.044526494198812e-35,2.929285238218823e-222,0.0,0.0,9.699323046628203e-14,0.0,Boom Phase
2002-12-31,181.8,1.24,90.3906,1.07721215488497,6.0,86.7,8.965,0,0.9999999999692355,1.198670852793129e-59,3.0764091172471114e-11,1.0357744971578493e-16,2.6327446853726367e-305,4.2323543386642384e-35,1.3526528033164743e-212,0.0,0.0,1.8065087298774082e-16,0.0,Boom Phase
2003-01-31,182.6,1.24,91.1369,0.96856331330584,5.8,82.4,8.21391304347826,0,0.9999999882666959,1.2091518642897453e-58,1.1731816845967264e-08,2.786044418914914e-15,5.273072692277185e-281,4.240789042597386e-33,4.0631987598797594e-206,0.0,0.0,1.484368291225547e-12,0.0,Boom Phase
2003-02-28,183.6,1.26,91.2505,0.84584872268752,5.9,79.9,8.433499999999999,0,0.9999991250316862,8.721311915227429e-60,8.74935269196963e-07,7.624663101458129e-15,9.91213532823697e-282,9.615635175967582e-32,1.2466825439263117e-200,0.0,0.0,3.303718037571234e-11,0.0,Boom Phase
2003-03-31,183.9,1.25,91.0006,0.72602965495334,5.9,77.6,8.043809523809523,0,0.9999795861569445,1.1569918947816792e-62,2.0413582403149314e-05,3.0782848810385254e-14,1.0873233888844505e-289,9.523254994809351e-32,9.114212025654057e-203,0.0,0.0,2.606210128743216e-10,0.0,Boom Phase
2003-04-30,183.2,1.26,90.4311,0.625490237121736,6.0,86.0,7.01409090909091,0,0.9999999998914948,1.430396003761114e-70,1.0850009750789e-10,4.859312675150541e-15,1.0005995e-317,2.481410593525807e-34,4.2176395686662904e-194,0.0,0.0,1.3997469514018123e-16,0.0,Boom Phase
2003-05-31,182.9,1.26,90.4,0.558796894629683,6.1,92.1,6.638695652173913,0,0.9999999999999623,2.6565210710168942e-76,3.697005921861821e-14,6.9890622575623e-16,0.0,3.183649961800224e-36,1.636804908322932e-181,0.0,0.0,3.3241329642456287e-21,0.0,Boom Phase
2003-06-30,183.1,1.22,90.5196,0.537030884723521,6.3,89.7,6.341904761904762,0,0.9999999999955969,2.5439739912464123e-72,4.402883231605055e-12,2.0112323800146765e-16,0.0,9.599057869387309e-34,1.2338560403143933e-176,0.0,0.0,3.3327774204137575e-20,0.0,Boom Phase
2003-07-31,183.7,1.01,90.9869,0.563653138365626,6.2,90.9,5.85695652173913,0,0.9999999999980638,4.976266653579256e-65,1.936119784724165e-12,5.5900588541500394e-18,1.4441752760440633e-303,6.608759592153993e-31,1.9481030187516324e-156,0.0,0.0,5.552850138481734e-21,0.0,Boom Phase
2003-08-31,184.5,1.03,90.7933,0.639169094792877,6.1,89.3,5.821363636363636,0,0.999999999991279,1.3415496274290502e-62,8.721084145892099e-12,1.1594411147235178e-17,1.1410676731411137e-298,8.264089250575523e-31,1.271581150641905e-163,0.0,0.0,1.9526245514223385e-19,0.0,Boom Phase
2003-09-30,185.1,1.01,91.3819,0.762280425141749,6.1,87.7,5.358636363636363,0,0.9999999998516933,2.8057412937462216e-55,1.48306646909334e-10,3.9669278795170754e-18,6.178082232840045e-276,2.29524037472097e-28,6.571946916484417e-159,0.0,0.0,1.1146229878301381e-17,0.0,Boom Phase
2003-10-31,184.9,1.01,91.5049,0.927470828124317,6.0,89.6,4.920869565217391,0,0.9999999999950895,1.7520015351334763e-52,4.910465524539367e-12,9.54569040734112e-19,2.0645417616042055e-266,2.4864226294099002e-29,1.452939263873593e-161,0.0,0.0,1.1735412849439998e-18,0.0,Boom Phase
2003-11-30,185.0,1.0,92.1265,1.12708701311845,5.8,93.7,4.617619047619048,0,0.9999999999999931,2.3890746714482094e-48,6.789791011334372e-15,1.3532303987914425e-19,9.364700775488598e-244,3.059150060936842e-30,3.7764194599798925e-156,0.0,0.0,7.564433702914462e-21,0.0,Boom Phase
2003-12-31,185.5,0.98,92.1732,1.35037348696794,5.7,92.6,4.278695652173913,0,0.9999999999999718,7.254613870239612e-43,2.829987666560859e-14,3.647434763383313e-20,6.3526247606781224e-229,1.7460388487360448e-29,2.418808182376708e-162,0.0,0.0,2.178043864360315e-20,0.0,Boom Phase
2004-01-31,186.3,1.0,92.3268,1.57999542728833,5.7,103.8,3.950434782608696,0,1.0,3.1579922727242213e-44,1.209415321043695e-21,5.234048100378595e-23,3.910053919220788e-230,5.884684373964157e-35,6.3179769773326165e-152,0.0,0.0,5.550291581167299e-30,0.0,Boom Phase
2004-02-29,186.7,1.01,92.8995,1.79528184551976,5.6,94.4,4.258571428571429,0,0.9999999999999956,5.087437270735994e-35,4.442362969820649e-15,7.675445508771221e-22,1.787687738507729e-196,1.802557599900733e-28,3.117371834838329e-163,0.0,0.0,5.068779615385755e-23,0.0,Boom Phase
2004-03-31,187.1,1.0,92.5368,1.9774112634657,5.8,95.8,4.401739130434782,0,0.9999999999999982,1.8477404210590326e-36,1.7333696395462238e-15,7.037815312529121e-24,3.791453207717919e-201,1.471988040735909e-28,1.617284938016302e-165,0.0,0.0,9.666588173161544e-27,0.0,Boom Phase
2004-04-30,187.4,1.0,92.8957,2.11192860854654,5.6,94.2,3.9790909090909095,0,0.9999999999999782,2.3670421973299243e-33,2.2040261056515504e-14,2.342750696007454e-23,1.4914860139386602e-183,2.2444084196585815e-27,1.3320702483801977e-169,0.0,0.0,1.3403705916511377e-25,0.0,Boom Phase
2004-05-31,188.2,1.0,93.5845,2.188433226739249,5.6,90.2,4.250952380952381,0,0.9999999999662399,5.341491727537752e-30,3.3760002539337375e-11,3.0317324800932445e-23,1.4492174689200033e-162,4.8962096249314106e-24,2.0399145491322814e-165,0.0,0.0,3.0099179603600275e-23,0.0,Boom Phase
2004-06-30,188.9,1.03,92.8651,2.20310243336393,5.6,95.6,4.069090909090909,0,0.9999999999999964,5.6821428203411416e-33,3.676074585806817e-15,5.287735645884921e-24,3.334703963882982e-179,1.7712009251875663e-27,1.611702813786146e-167,0.0,0.0,1.972756704192628e-27,0.0,Boom Phase
2004-07-31,189.1,1.26,93.5502,2.16530899086563,5.5,96.7,4.011739130434783,0,1.0,2.45277102853093e-31,2.8991550661248756e-16,1.6160957019596298e-21,1.1477772341487439e-175,1.9925583043545357e-29,2.919154327435064e-172,0.0,0.0,2.8608698877133906e-24,0.0,Boom Phase
2004-08-31,189.2,1.43,93.6301,2.0893061938115,5.4,95.9,4.081363636363637,0,0.9999999999999996,2.2392698725860145e-33,3.5400594650227165e-16,3.2221286906641127e-19,3.5669256824516923e-180,2.7976186102765347e-31,1.1951447578914508e-182,0.0,0.0,1.1416102275294556e-20,0.0,Boom Phase
2004-09-30,189.8,1.61,93.7353,1.98955991236441,5.4,94.2,3.873636363636364,0,0.9999999999999973,7.090075975217988e-37,2.543505001511649e-15,2.67509422899735e-17,2.1431940635099334e-184,1.6847788430925124e-32,4.328905389868311e-190,0.0,0.0,3.957753653624145e-17,0.0,Boom Phase
2004-10-31,190.8,1.76,94.5695,1.87874742037389,5.5,91.7,3.727272727272727,0,0.9999999999997129,7.223521091845231e-39,2.0153377285290225e-13,4.649538644031768e-16,3.926819777071272e-174,1.3694186052617961e-31,6.837394153937383e-183,0.0,0.0,8.510174368381184e-14,0.0,Boom Phase
2004-11-30,191.7,1.93,94.8015,1.76771125363697,5.4,92.8,3.2895454545454546,0,0.9999999999983875,9.110217003483429e-46,1.3305492114640573e-14,1.9310818824546277e-14,3.055436368610498e-176,1.0660604794855144e-33,6.047978536609009e-185,0.0,0.0,1.579805913686533e-12,0.0,Boom Phase
2004-12-31,191.7,2.16,95.5415,1.66614798333646,5.4,97.1,3.100869565217391,0,0.999999999999494,1.1669141596068282e-55,1.045614801267885e-17,2.994689222671484e-13,2.6036987719713438e-179,6.711698023026385e-36,2.878461097328562e-182,0.0,0.0,2.0661243054973234e-13,0.0,Boom Phase
2005-01-31,191.6,2.28,95.8785,1.5833132618153,5.3,95.5,3.204285714285714,0,0.9999999999641871,1.3357749913584945e-64,5.992701851175761e-17,9.18063368136056e-12,4.691062647097876e-177,2.137465091318918e-37,2.2572295721670924e-187,0.0,0.0,2.6632224753860933e-11,0.0,Boom Phase
2005-02-28,192.4,2.5,96.5709,1.52775114340479,5.4,94.1,3.0515,0,0.9999999983534273,7.80409035617016e-74,8.642263572896651e-16,1.319534373037522e-10,4.915940467698814e-172,2.671203651369945e-38,1.8591290283781204e-187,0.0,0.0,1.5146184959354769e-09,0.0,Boom Phase
2005-03-31,193.1,2.63,96.4345,1.50695390986562,5.2,92.6,2.983913043478261,0,0.9999999377651357,1.613038779019149e-84,1.6343039526835885e-15,3.1781562452408785e-09,1.995655544791443e-173,1.476446343957061e-41,6.482538645276408e-201,0.0,0.0,5.905670612780019e-08,0.0,Boom Phase
2005-04-30,193.7,2.79,96.6347,1.52346850249237,5.2,87.7,3.781363636363636,0,0.999913261960906,1.5840671789045222e-92,2.0120677614855274e-12,5.186177748363457e-08,2.0178924661784478e-169,9.470222361231322e-45,1.9186712319975035e-213,0.0,0.0,8.668617530460006e-05,0.0,Boom Phase
2005-05-31,193.6,3.0,96.7251,1.57712922033542,5.1,86.9,4.227727272727273,0,0.9991483716432811,3.3388771057709496e-104,1.259104389986581e-12,7.21522180286497e-07,5.1480324847908515e-173,1.4184636773754062e-49,3.1614696410089907e-233,0.0,0.0,0.0008509068332793973,0.0,Boom Phase
2005-06-30,193.7,3.04,97.1483,1.6645261978177,5.0,96.0,3.902727272727273,0,0.9999996431798192,1.3496260959775479e-101,8.907442066499096e-19,2.229385322042028e-07,1.2913936454300721e-172,1.3563947725228586e-47,2.072430177698995e-224,0.0,0.0,1.3388164859798424e-07,0.0,Boom Phase
2005-07-31,194.9,3.26,96.8397,1.77597193057175,5.0,96.5,3.494090909090909,0,0.9999980818752625,4.871047419934703e-106,1.182154853243686e-19,1.3746425206636878e-06,1.45874715207997e-181,6.504576603190137e-51,5.405809591569333e-244,0.0,0.0,5.434822167307546e-07,0.0,Boom Phase
2005-08-31,196.1,3.5,97.1584,1.90124123997633,4.9,89.1,3.3739130434782605,0,0.9825040674676605,4.111789476813786e-118,4.639627314200588e-15,4.169129964596675e-05,1.824790476059746e-169,7.116569859057079e-58,1.3382851278422053e-269,0.0,0.0,0.017454241232689006,0.0,Boom Phase
2005-09-30,198.8,3.62,95.2764,2.03381616923299,5.0,76.9,3.639090909090909,9,0.014410301967608808,2.5259257281668296e-121,4.556612597096313e-09,7.878465568598138e-07,5.7122330082168e-190,1.1635262807942021e-68,1.5e-323,0.0,0.0,0.9855889056292215,9.0,Strong Expansion
2005-10-31,199.1,3.78,96.4411,2.17438160760943,5.0,74.2,3.584761904761905,9,0.00022948171513875244,3.975961970744106e-130,1.9820792531638114e-08,3.3750851294230676e-08,2.123545934387964e-172,4.896882961812777e-75,0.0,0.0,0.0,0.9997704647132174,9.0,Strong Expansion
2005-11-30,198.1,4.0,97.5016,2.3264688238143094,5.0,81.6,3.621363636363637,9,0.002065483711393757,3.865274183020793e-130,1.8317453986585593e-12,1.939925371839245e-06,6.178453296797495e-166,5.011208911635627e-73,0.0,0.0,0.0,0.9979325763614025,9.0,Strong Expansion
2005-12-31,198.1,4.16,97.9723,2.4916432336405694,4.9,91.5,3.65695652173913,9,0.13365740455243713,8.105191460178617e-124,1.1590854123071986e-17,0.0007524455152550896,6.876034381596845e-168,1.591105095649436e-68,0.0,0.0,0.0,0.865590149932308,9.0,Strong Expansion
2006-01-31,199.3,4.29,98.127,2.66393386691144,4.7,91.2,3.553181818181818,9,0.009677209406483063,7.182002915587168e-129,1.0329825227499965e-18,0.0003973507507926801,4.257840481242535e-163,1.1429472127764743e-73,0.0,0.0,0.0,0.9899254398427241,9.0,Strong Expansion
2006-02-28,199.4,4.49,98.1687,2.83363759225319,4.8,86.7,3.335,9,0.00016458394637950178,5.599613679328285e-136,5.206285221474225e-17,1.9174443827007128e-05,7.91116686390621e-165,9.820440593692751e-82,0.0,0.0,0.0,0.9998162416097934,9.0,Strong Expansion
2006-03-31,199.7,4.59,98.3913,2.99003580237171,4.7,88.9,3.2517391304347822,9,8.926685498576542e-05,5.907117099855188e-135,1.1730049241216973e-18,5.4118389199862604e-05,8.273154752882858e-164,3.6875558460495805e-83,0.0,0.0,0.0,0.9998566147558143,9.0,Strong Expansion
2006-04-30,200.7,4.79,98.6826,3.12517413938698,4.7,87.4,3.06,9,1.0174432253455378e-05,2.9537615457332837e-143,2.5330938809007964e-18,2.277712435379611e-05,1.0448841475105975e-161,5.787316517935881e-89,0.0,0.0,0.0,0.9999670484433928,9.0,Strong Expansion
2006-05-31,201.3,4.94,98.7074,3.2345579810551,4.6,79.1,3.018695652173913,9,3.535949447120416e-07,1.913667060793777e-164,9.29980641147495e-14,9.30055943037588e-07,2.5266721125446205e-157,6.640714338957406e-103,0.0,0.0,0.0,0.9999987163490195,9.0,Strong Expansion
2006-06-30,201.8,4.99,99.0398,3.31927866577308,4.6,84.9,3.2809090909090908,9,6.769540568887616e-07,3.003113644751916e-154,2.5859765019889795e-17,7.981730272757339e-06,1.9148358790987659e-156,2.509920291969563e-97,0.0,0.0,0.0,0.9999913413156702,9.0,Strong Expansion
2006-07-31,202.9,5.24,98.9751,3.38973233938123,4.7,84.7,3.3704761904761904,9,3.3493271740794235e-07,2.9069996310361093e-163,1.1175168869224382e-17,1.1949020524701383e-05,2.2771193006187534e-164,5.179783017737616e-102,0.0,0.0,0.0,0.999987716046758,9.0,Strong Expansion
2006-08-31,203.8,5.25,99.4047,3.45719237356443,4.7,82.0,3.4182608695652177,9,1.4347419182544984e-07,8.154467544657486e-166,2.318954174015911e-15,2.6151124469996185e-06,1.826339407736043e-152,1.2338097052903337e-104,0.0,0.0,0.0,0.9999972414133587,9.0,Strong Expansion
2006-09-30,202.8,5.25,99.2246,3.52618048265123,4.5,85.4,3.428636363636364,9,1.0861011548874768e-07,7.624802602253631e-164,2.53768421481819e-18,1.9689676057155056e-05,7.504097123380502e-160,2.2901997916302334e-104,0.0,0.0,0.0,0.9999802017138274,9.0,Strong Expansion
2006-10-31,201.9,5.25,99.1229,3.58690206699669,4.4,93.6,3.252272727272727,9,2.955065735353394e-07,6.157964228202445e-151,3.7455919439519856e-24,0.0010107121926947774,2.0925619483468713e-173,6.977232057441538e-98,0.0,0.0,0.0,0.9989889923007317,9.0,Strong Expansion
2006-11-30,202.0,5.25,99.0963,3.6234205120697904,4.5,92.1,3.14,9,2.8680038699184506e-07,6.040218287094803e-148,1.4700522617249027e-22,0.00046814886018514186,9.39403552689282e-171,8.219770392670133e-98,0.0,0.0,0.0,0.999531564339428,9.0,Strong Expansion
2006-12-31,203.1,5.24,100.1125,3.62229574521318,4.4,91.7,2.993636363636364,9,3.0834885113373755e-07,3.117659162135439e-153,6.450593303437656e-22,0.0002735837659303139,1.1075518536982437e-151,3.714805205694975e-98,0.0,0.0,0.0,0.9997261078852187,9.0,Strong Expansion
2007-01-31,203.437,5.25,99.7546,3.58271914513598,4.6,96.9,2.767826086956522,9,4.779279227950416e-06,3.383015898555181e-139,1.4053243906626502e-24,0.0033131391424648577,2.7597791499463413e-163,2.5805493308847277e-90,0.0,0.0,0.0,0.9966820815783074,9.0,Strong Expansion
2007-02-28,204.226,5.26,100.7166,3.51099489259793,4.5,91.3,2.6205,9,6.704019839740197e-07,1.7871150895204318e-158,2.6279512280276864e-21,0.00013013362675123118,1.319528063708487e-141,8.493233676423526e-97,0.0,0.0,0.0,0.9998691959712648,9.0,Strong Expansion
2007-03-31,205.288,5.26,100.8952,3.41545796046491,4.4,88.4,2.86,9,3.0756910084416676e-07,4.022100744700925e-172,6.40161478198921e-20,3.3498047044833405e-05,2.0529831794715165e-134,8.365185777910631e-101,0.0,0.0,0.0,0.9999661943838543,9.0,Strong Expansion
2007-04-30,205.904,5.25,101.5723,3.306967143072689,4.5,87.1,2.741904761904762,9,4.391326192780914e-07,4.635735419805687e-178,1.4673591070615238e-18,1.2728747377865544e-05,1.8169601585356585e-123,3.922820490987591e-100,0.0,0.0,0.0,0.9999868321200028,9.0,Strong Expansion
2007-05-31,206.755,5.25,101.6269,3.19473712477285,4.4,88.3,2.5660869565217395,9,1.262485530624786e-06,5.72608651871603e-186,1.4629169821520722e-19,3.6622880305464824e-05,1.4607970122048018e-122,2.709910006592165e-99,0.0,0.0,0.0,0.999962114634164,9.0,Strong Expansion
2007-06-30,207.234,5.25,101.6547,3.0835194928437306,4.6,85.3,2.612727272727273,9,1.0596073032015463e-06,1.5850856312185215e-189,2.853322429315431e-17,7.072814752385083e-06,1.0520275027685787e-119,1.0254832140293188e-99,0.0,0.0,0.0,0.9999918675779443,9.0,Strong Expansion
2007-07-31,207.603,5.26,101.4953,2.971058350826969,4.7,90.4,3.348636363636364,9,3.856646702033737e-05,1.291600608388151e-183,9.67381039249001e-20,0.00015644821486018084,5.952594328621603e-126,1.545725921741797e-91,0.0,0.0,0.0,0.9998049853181193,9.0,Strong Expansion
2007-08-31,207.667,5.02,101.6943,2.852747269025869,4.6,83.4,4.31,9,2.106221334569307e-06,4.3282910163697445e-189,2.070110516498451e-15,2.544374626214216e-06,1.5244246676848917e-110,1.6160706012164457e-95,0.0,0.0,0.0,0.999995349404037,9.0,Strong Expansion
2007-09-30,208.547,4.94,101.9428,2.7262258415041294,4.7,83.4,4.424285714285714,9,4.531778983497801e-06,5.091106366634243e-187,1.389499467383184e-14,2.108781535407593e-06,6.300373702051755e-104,2.9978217629345024e-91,2.817723697365008e-308,0.0,0.0,0.9999933594394672,9.0,Strong Expansion
2007-10-31,209.19,4.76,101.6446,2.5964405841063,4.7,80.9,4.160869565217391,9,2.10356122957699e-06,1.2983614003736485e-183,7.101223689492937e-13,3.9019466836051757e-07,2.2127665401069793e-100,1.8375736306344516e-89,1.8417155724004207e-292,0.0,0.0,0.999997506243392,9.0,Strong Expansion
2007-11-30,210.834,4.49,102.2167,2.46886698161512,4.7,76.1,5.310909090909092,9,3.725716346011064e-08,1.21196806752706e-180,1.1747847121123708e-09,5.258009301743354e-09,1.5070863671292931e-83,7.221416465837312e-89,1.816762237708325e-255,0.0,0.0,0.9999999563100425,9.0,Strong Expansion
2007-12-31,211.445,4.24,102.2764,2.34318153551742,5.0,75.5,5.692380952380953,9,1.254064723919564e-08,6.444096106714778e-159,2.748288073199508e-08,3.0991595798819206e-10,3.7670644973033227e-78,1.981609978687287e-79,3.0940806665195253e-221,0.0,0.0,0.9999999596665562,9.0,Strong Expansion
2008-01-31,212.174,3.94,102.1493,2.205838277939689,5.0,78.4,6.7586956521739125,9,2.1723928197506777e-07,5.8824615740912445e-140,2.477334263963155e-08,7.974428011905272e-10,3.1933935463347976e-70,8.054658622372119e-68,8.449102270141882e-190,0.0,0.0,0.9999997571899326,9.0,Strong Expansion
2008-02-29,212.687,2.98,101.7756,2.03700223691396,4.9,70.8,7.245238095238095,9,1.284837422511839e-10,6.652696205651805e-102,0.0005500001501112052,3.5461765658978257e-14,6.633455718251452e-57,4.108671292632886e-58,1.1715123926603394e-137,0.0,0.0,0.9994499997213698,9.0,Strong Expansion
2008-03-31,213.448,2.61,101.4508,1.82134878951692,5.1,69.5,8.098095238095238,9,2.68464034665558e-11,6.268599089910158e-85,0.009270721212477859,1.067050827220534e-15,7.804292985507747e-58,2.557352842077715e-49,1.2786408166612502e-110,0.0,0.0,0.9907292787606746,9.0,Strong Expansion
2008-04-30,213.942,2.28,100.7554,1.55027321036397,5.0,62.6,7.393181818181818,9,9.99244871213418e-16,1.7909310889979045e-89,0.03584982401138213,6.836731647821397e-19,1.543935314177653e-70,2.652414569318162e-53,3.2447215407191255e-104,0.0,0.0,0.964150175988617,9.0,Strong Expansion
2008-05-31,215.208,1.98,100.1336,1.2175069040167,5.4,59.8,6.685652173913044,9,2.0852671829795887e-18,2.2673685019308455e-77,0.08904999882145188,1.5423489531211097e-21,3.3706956416491206e-87,2.1054693653366853e-46,2.1711153037751613e-85,0.0,0.0,0.9109500011785479,9.0,Strong Expansion
2008-06-30,217.463,2.0,99.8728,0.813710289784869,5.6,56.4,6.730952380952381,9,5.4397664330896e-22,2.302200236043113e-91,0.08360030399490874,2.002473533522136e-22,3.0353737907137767e-106,1.1068051336455302e-48,1.6003835633426646e-78,0.0,0.0,0.9163996960050916,9.0,Strong Expansion
2008-07-31,219.016,2.01,99.4194,0.325287916194532,5.8,61.2,7.748695652173913,2,1.674715854055421e-19,7.35625721807377e-101,0.9640518606652725,3.378497384608192e-19,6.424522829837694e-113,9.392467122552357e-38,1.799026650366817e-61,0.0,0.0,0.03594813933472717,2.0,Deep Recession
2008-08-31,218.69,2.0,97.8491,-0.261883161604496,6.1,63.0,8.19909090909091,2,1.4700614815133333e-19,1.1432615252771023e-120,0.9999999669016365,1.1273246789214822e-18,6.675344343242696e-151,1.2497701310758635e-31,3.006968753994921e-61,0.0,0.0,3.3098363631743837e-08,2.0,Deep Recession
2008-09-30,218.877,1.81,93.5576,-0.953225448243268,6.1,70.3,9.19,2,1.667279446689084e-14,4.528352314262298e-145,0.9999999999999831,2.133960083647973e-16,4.337234488719904e-223,4.288856478417802e-21,1.6915970369882224e-68,0.0,0.0,7.386744738817425e-21,2.0,Deep Recession
2008-10-31,216.995,0.97,94.4985,-1.73212805979572,6.5,57.6,14.942608695652174,2,1.039139045329953e-30,2.6875534071340133e-142,1.0,6.474427350916642e-25,1.3586574877277343e-262,8.882443838970055e-21,3.4062530084295357e-53,2.0710150624683982e-245,4.37630736e-316,5.049427708285851e-25,2.0,Deep Recession
2008-11-30,213.153,0.39,93.2617,-2.56342379296248,6.8,55.3,17.959047619047617,2,1.9089525116494043e-38,2.387993700686737e-163,1.0,7.524861168035096e-29,0.0,1.6097105961501348e-16,3.9936543323496566e-57,2.3294720719331432e-153,3.190701751525353e-244,1.8329503418795228e-38,2.0,Deep Recession
2008-12-31,211.398,0.16,90.6266,-3.39360834298735,7.3,60.1,20.28695652173913,2,1.640408155307183e-42,1.747037599680375e-212,0.9999999999996563,1.6447451963520543e-32,0.0,3.43729667661367e-13,3.363723864271844e-66,4.557314777450346e-104,7.616623308505596e-229,1.009079418809423e-64,2.0,Deep Recession
2009-01-31,211.933,0.15,88.3712,-4.14718630630113,7.8,61.2,16.79391304347826,2,9.790865349803379e-50,1.535911889056921e-276,1.0,8.149950022497364e-37,0.0,4.824787364312197e-16,2.407058262095438e-80,1.3242562409131514e-80,2.197912231678573e-252,5.642091907917698e-94,2.0,Deep Recession
2009-02-28,212.705,0.22,87.843,-4.7486320743456885,8.3,56.3,16.536190476190477,2,9.081033370646587e-61,0.0,1.0,5.290469943232716e-41,0.0,2.4058845253696137e-19,6.331005728128783e-98,1.3146636594292763e-64,0.0,4.3743832577319043e-116,2.0,Deep Recession
2009-03-31,212.495,0.18,86.4689,-5.14183274814307,8.7,57.3,17.837727272727275,2,2.927287887126712e-65,0.0,1.0,4.518077693377469e-44,0.0,3.656348393013693e-22,6.26503787914701e-110,1.7544916119794414e-47,0.0,2.9782416213123694e-135,2.0,Deep Recession
2009-04-30,212.709,0.15,85.7903,-5.32042045300037,9.0,65.1,15.623636363636365,2,8.035019178344985e-66,0.0,1.0,2.4219742273812786e-47,0.0,4.682792558867347e-24,1.0596693495182417e-106,9.540015797967741e-31,1.69181469e-313,1.1117489198646995e-150,2.0,Deep Recession
2009-05-31,213.022,0.18,84.9436,-5.30012645609884,9.4,68.7,12.50590909090909,2,3.5674105953349295e-64,0.0,1.0,3.743612869733607e-48,0.0,5.689642350598477e-28,2.8466239478678787e-110,1.4327208744905635e-19,5.0996226e-317,3.172420136463753e-154,2.0,Deep Recession
2009-06-30,214.79,0.21,84.6746,-5.102106465692152,9.5,70.8,10.80590909090909,2,1.0760585024729155e-60,0.0,0.9999999999999964,2.823862609222761e-47,0.0,1.4212955807533272e-28,1.1117224424285585e-107,3.353915972175864e-15,1.2991663347450118e-304,7.489652593432255e-147,2.0,Deep Recession
2009-07-31,214.726,0.16,85.6853,-4.74444428392365,9.5,66.0,10.27,2,5.49933526725632e-58,2.3979173070316077e-307,0.9999999999983276,2.1221265931872738e-44,0.0,1.1913610975713553e-23,1.7161069556466182e-109,1.6726968712177037e-12,0.0,1.9782291754116234e-123,2.0,Deep Recession
2009-08-31,215.445,0.16,86.6393,-4.240428650561,9.6,65.7,8.971428571428572,2,2.2526544568278463e-52,4.644671956772055e-248,0.9999998421189682,4.230247867683033e-42,0.0,4.9075155762714994e-20,8.070440108010393e-105,1.5788103164826099e-07,0.0,9.962840738754228e-101,2.0,Deep Recession
2009-09-30,215.861,0.15,87.3821,-3.60211129124656,9.8,73.5,8.452272727272726,2,2.883022769042639e-42,1.207057414041012e-201,0.8211197632991386,3.4603913587157623e-41,0.0,3.2272634873426536e-19,1.5125699352069364e-89,0.17888023670086173,2.397279267021296e-294,3.7293517480581093e-84,2.0,Deep Recession
2009-10-31,216.509,0.12,87.5809,-2.85176279502784,10.0,70.6,7.76304347826087,7,8.184511118044484e-37,5.2805302024915345e-138,0.004745187843871571,7.619760942165536e-42,0.0,5.225455718095461e-18,2.4809997637872533e-93,0.9952548121561282,0.0,1.0235808378024802e-61,7.0,Pre-Crisis Build-Up
2009-11-30,217.234,0.12,87.9388,-2.0200436523577,9.9,67.4,7.561904761904763,7,4.7785517665725154e-31,5.722371071103055e-90,0.0001744347218925726,1.6509418056605604e-42,0.0,1.2191519927613772e-14,9.295348729072279e-94,0.9998255652780952,0.0,9.050677951952921e-43,7.0,Pre-Crisis Build-Up
2009-12-31,217.347,0.12,88.2404,-1.14888749265901,9.9,72.5,6.919130434782608,7,1.7414944110777307e-23,7.130255349426125e-74,1.1699681941483714e-06,5.082598775046045e-46,0.0,6.804814066993305e-15,5.249101448353226e-84,0.9999988300317989,0.0,7.086181559047903e-38,7.0,Pre-Crisis Build-Up
2010-01-31,217.488,0.11,89.1897,-0.29880708783481,9.8,74.4,6.233181818181818,7,2.7075273414757605e-19,1.5858690092155316e-65,1.2550936785166518e-08,1.52294811174956e-50,0.0,1.3713528841303076e-12,1.2334594231509407e-76,0.9999999874476918,2.7280675847685873e-282,2.9597427308688636e-36,7.0,Pre-Crisis Build-Up
2010-02-28,217.281,0.13,89.5046,0.467081598861266,9.8,73.6,6.730952380952381,7,5.909292132594202e-18,3.2936872512290075e-75,2.4159681569395067e-10,1.0350008226378176e-56,0.0,5.017045870191602e-11,7.0697998074317e-81,0.9999999997082327,3.533696894588236e-286,5.8377547559144255e-40,7.0,Pre-Crisis Build-Up
2010-03-31,217.353,0.16,90.1356,1.09659269511172,9.9,73.6,6.121739130434783,7,7.62332617332998e-18,2.4813079152590287e-94,9.055358494163543e-12,2.849214784222158e-63,3.530996637370382e-305,2.4678821740308167e-09,2.5482414016262302e-82,0.9999999975230625,6.589806691387007e-293,1.3084722096622584e-47,7.0,Pre-Crisis Build-Up
2010-04-30,217.403,0.2,90.4607,1.57533015436043,9.9,72.2,5.6040909090909095,7,3.5944067593514497e-19,6.784528389731522e-114,7.6922396577578e-13,8.675655849938568e-69,1.5030069182122868e-280,5.705839029919571e-08,3.1630288475084046e-88,0.9999999429408405,4.357434807765999e-303,7.83781615019512e-55,7.0,Pre-Crisis Build-Up
2010-05-31,217.29,0.2,91.7014,1.91092885149728,9.6,73.6,6.5009523809523815,7,5.159436597006947e-19,2.7745851027588863e-114,1.0287230534398968e-13,3.7707957816940817e-70,1.2746880689880742e-232,2.303536706392719e-06,3.1451239517574814e-78,0.9999976964631908,7.544499431505644e-238,1.1821066208501054e-59,7.0,Pre-Crisis Build-Up
2010-06-30,217.199,0.18,91.9033,2.1256704723583506,9.4,76.0,7.016818181818182,7,3.4683575943045705e-17,4.6583585655387186e-120,1.092155292571873e-13,1.9391707622343272e-70,1.6613515957205968e-209,6.173458234669497e-06,9.397233770454327e-73,0.9999938265416559,6.9316432666746396e-189,2.6931450014660577e-64,7.0,Pre-Crisis Build-Up
2010-07-31,217.605,0.18,92.2549,2.25270285580619,9.4,67.8,6.778695652173913,7,6.122089219981078e-23,5.225766588448332e-127,1.5863917450478253e-13,1.6102228693887068e-74,3.055309643984299e-213,0.0010357590314212816,1.558841311239314e-87,0.99896424096842,2.4197972588227913e-282,1.9005770155683332e-63,7.0,Pre-Crisis Build-Up
2010-08-31,217.923,0.19,92.5936,2.32702097403476,9.5,68.9,6.755909090909091,7,1.50494845543758e-23,9.217712093341123e-133,9.462530618725053e-15,1.3597809773000422e-76,1.5561077068939928e-207,0.0003777484383927594,3.868739885195202e-84,0.9996222515615977,1.406170672380848e-281,4.730074635469839e-67,7.0,Pre-Crisis Build-Up
2010-09-30,218.275,0.19,92.8533,2.3770204781729,9.5,68.2,6.421363636363637,7,1.7205203365166666e-24,1.2121218392558702e-134,4.241929009647828e-15,1.1271014338934925e-77,3.140401425568559e-203,0.0006421960628539198,1.1397272504007574e-83,0.9993578039371418,2.138900786331557e-291,3.790493500577372e-68,7.0,Pre-Crisis Build-Up
2010-10-31,219.035,0.19,92.6033,2.41981156639714,9.4,67.7,6.008181818181819,7,1.8522009893778774e-24,3.335904441781259e-136,9.382470652497873e-15,1.1891655375873519e-77,5.905168252065038e-201,0.0011485358730300352,2.5811395308432474e-85,0.9988514641269608,1.7938625082340762e-286,1.6570693068615716e-68,7.0,Pre-Crisis Build-Up
2010-11-30,219.59,0.19,92.6686,2.46041232219503,9.8,71.6,5.872727272727272,7,3.305897873986658e-22,6.43196267583381e-151,3.469201975397536e-15,8.151434178265981e-80,3.238191246596371e-203,0.002422397714382757,3.249633389010169e-77,0.9975776022856137,3.3625477345373715e-298,3.921674603832757e-74,7.0,Pre-Crisis Build-Up
2010-12-31,220.472,0.18,93.5916,2.49161888865882,9.3,74.5,5.551304347826087,7,1.1039937443886347e-20,3.339525945397371e-128,1.0348359443076004e-15,6.042542390378401e-76,1.305164959175365e-167,0.00133340253188454,1.986413564921322e-62,0.9986665974681144,3.2420879965201695e-195,9.044912834898286e-73,7.0,Pre-Crisis Build-Up
2011-01-31,221.187,0.17,93.3889,2.49424148904435,9.1,74.2,5.1242857142857146,7,3.929369025973135e-20,2.702408072093222e-123,4.676393632565344e-15,2.003640534237994e-74,1.3843094503810255e-162,0.0035002859782990005,4.147025704408358e-62,0.9964997140216963,8.450515148200941e-179,3.0018672148577613e-71,7.0,Pre-Crisis Build-Up
2011-02-28,221.898,0.16,93.0045,2.44786494719503,9.0,77.5,4.657500000000001,7,6.331007050634758e-17,1.3532242350119307e-118,2.017277822865099e-14,7.749135323872188e-72,2.206546009007669e-158,0.0020007729993845036,2.622600687371541e-56,0.9979992270005954,1.7010405679709478e-141,7.367190888811397e-71,7.0,Pre-Crisis Build-Up
2011-03-31,223.046,0.14,93.9684,2.33861649079205,9.0,67.5,4.8365217391304345,7,2.6861688746350936e-25,2.692829555215296e-109,2.8534410715089658e-15,1.0835310778331926e-74,1.10797787656219e-168,0.007613713123939501,1.1384814338728076e-65,0.9923862868760577,1.0975487939389435e-250,4.57985862136889e-64,7.0,Pre-Crisis Build-Up
2011-04-30,224.093,0.1,93.6571,2.17852543476627,9.1,69.8,4.661818181818182,7,1.1445579763723238e-23,1.7501406509562292e-104,1.966407699422915e-15,1.4344524137027156e-73,4.462835338593192e-174,0.00831498822979298,1.4013258253967769e-60,0.9916850117702051,5.271014322791543e-248,7.928138628249374e-63,7.0,Pre-Crisis Build-Up
2011-05-31,224.806,0.09,93.7723,1.98769387903258,9.0,74.3,4.846818181818182,7,2.1483828905369092e-19,2.221791922212445e-87,3.20825129064316e-14,2.0989073934811744e-68,4.825562846318595e-165,0.031182835481326842,1.1814949470450837e-48,0.9688171645186411,4.679439970307943e-186,6.336272122490615e-59,7.0,Pre-Crisis Build-Up
2011-06-30,224.806,0.09,94.0493,1.78149658349581,9.1,71.5,5.49,7,1.4672375764438859e-21,2.5153172560368463e-77,5.796093068434429e-14,2.4003833212191965e-67,1.1365553693168041e-177,0.05125324483509663,4.0441097702836626e-51,0.9487467551648455,3.494584717661578e-231,4.515268819867743e-53,7.0,Pre-Crisis Build-Up
2011-07-31,225.395,0.07,94.4958,1.56001640437998,9.0,63.7,5.434545454545455,7,4.971483718620044e-28,4.69048611999063e-64,2.1605097440423304e-14,3.718730411216836e-67,1.1579070921014031e-194,0.0026551184494309865,8.124318768762939e-60,0.9973448815505473,0.0,1.8322038895829964e-44,7.0,Pre-Crisis Build-Up
2011-08-31,226.106,0.1,95.0974,1.3156451326837,9.0,55.8,6.990434782608696,7,1.5220008435687918e-34,5.767020664350952e-52,1.7833536658813877e-14,2.1272509713117183e-66,4.2245360031393964e-218,3.97869294281072e-06,5.229633303906524e-69,0.9999960213070396,0.0,2.9218712552960546e-35,7.0,Pre-Crisis Build-Up
2011-09-30,226.597,0.08,95.0244,1.04154886370335,9.0,59.5,7.675454545454546,7,7.775048527141783e-32,5.57023431123763e-40,1.6211792282371786e-13,2.6746527878355414e-62,5.929684199936102e-217,0.00018147266843179167,4.3497289459610526e-61,0.999818527331406,0.0,4.6268085919829124e-32,7.0,Pre-Crisis Build-Up
2011-10-31,226.75,0.07,95.6891,0.741498577035545,8.8,60.8,7.908571428571429,7,2.9034268535554113e-31,7.9984539693909615e-25,3.3224309024608043e-12,3.9759876881867516e-57,3.468579242086233e-209,0.00048276338356953034,4.251553415623976e-53,0.9995172366131081,0.0,1.9240207306405098e-26,7.0,Pre-Crisis Build-Up
2011-11-30,227.169,0.08,95.6778,0.426129133207079,8.6,63.7,7.606363636363636,7,2.231216561401048e-28,2.6221325996179975e-15,9.52204206482632e-10,4.143688706259424e-51,1.1023326371715546e-203,0.03319089226430332,9.899504888004403e-46,0.9668091067834896,3.80939920993267e-266,3.5300429806170946e-22,7.0,Pre-Crisis Build-Up
2011-12-31,227.223,0.07,96.1809,0.111059592894706,8.5,69.9,7.510434782608696,5,6.447955169491589e-26,2.7059921597887838e-12,6.263138808577809e-09,2.6044544653972013e-47,1.0003711577839028e-190,0.9943398791941481,3.268517175507821e-37,0.005660114540007075,1.809675345817161e-179,3.4209232597667127e-23,5.0,Mid-Cycle Dip
2012-01-31,227.842,0.08,96.7595,-0.18373869587943,8.3,75.0,6.8531818181818185,5,1.6362399542607346e-25,4.5992638435767015e-15,5.183109642770237e-09,6.390715954633006e-45,6.484298931346202e-177,0.9999998237218557,1.1314520441870354e-32,1.7109503025605109e-07,1.832263483115025e-110,9.885309908758371e-26,5.0,Mid-Cycle Dip
2012-02-29,228.329,0.1,97.0662,-0.438429513434537,8.3,75.3,6.244285714285714,5,1.664277900774716e-27,2.487046955943697e-19,1.1541997785598201e-08,6.693305961744044e-44,1.1621658000133065e-181,0.9999999754759318,2.1841439240877466e-34,1.2982070502213588e-08,4.0939048074242287e-107,8.469290093971667e-26,5.0,Mid-Cycle Dip
2012-03-31,228.807,0.13,96.5609,-0.641666867045896,8.2,76.2,5.96304347826087,5,2.0749260140481605e-27,5.0129156434039807e-26,6.239838543441553e-08,2.6979134653512562e-42,7.376593081476113e-189,0.9999999371758252,2.1798446311705166e-34,4.2578943421428885e-10,1.352867232612654e-91,1.5563082721641132e-26,5.0,Mid-Cycle Dip
2012-04-30,229.187,0.14,97.251,-0.797178748853784,8.2,76.4,6.12952380952381,5,8.406824170932002e-30,1.230406544819512e-30,4.848942487354107e-08,2.671217278738311e-42,3.715270218592244e-186,0.9999999514844012,3.073740788442456e-36,2.6173988777787374e-11,8.60953534318378e-89,1.8098804827443053e-27,5.0,Mid-Cycle Dip
2012-05-31,228.713,0.16,97.4595,-0.915054958244095,8.2,79.3,6.313478260869566,5,1.6826983394778106e-29,3.911854369702153e-38,4.2017617997732873e-08,3.779053463556764e-42,1.7676689138430616e-183,0.9999999579822589,2.198002172098695e-36,1.2301945230011966e-13,2.4991303083354075e-67,7.990690018011927e-31,5.0,Mid-Cycle Dip
2012-06-30,228.524,0.16,97.4768,-1.00557082411838,8.2,73.2,6.7713636363636365,5,9.53460203783809e-33,9.246854334717604e-36,5.643850836620343e-07,5.74900989758647e-41,2.0588902385388288e-198,0.9999994354802934,8.894604724126886e-39,1.3462284848956334e-10,2.139882573454896e-109,3.925573395803043e-25,5.0,Mid-Cycle Dip
2012-07-31,228.59,0.16,97.6714,-1.07545392072928,8.2,72.3,6.355,5,5.516311854368511e-34,1.2090905735705422e-37,1.0298556833472995e-06,1.0126267375034893e-40,1.2763909401974303e-200,0.9999989699079682,6.753718613571469e-40,2.3634871231135316e-10,1.6004171221667182e-116,1.1839868586322315e-24,5.0,Mid-Cycle Dip
2012-08-31,229.918,0.13,97.2734,-1.12791008350784,8.1,74.3,5.923043478260869,5,1.7438697020280015e-33,1.443784428073254e-41,3.9256942478458804e-07,3.7156228101467086e-41,8.82704960052328e-198,0.9999996074221664,8.309068413952154e-40,8.40881813805742e-12,1.1857903080822977e-98,2.2165415043708835e-27,5.0,Mid-Cycle Dip
2012-09-30,231.015,0.14,97.2217,-1.16378418866113,7.8,78.3,5.611428571428571,5,6.816531488582649e-32,4.433149453614827e-50,1.472132493794377e-07,1.067867316317928e-40,4.128725208524081e-180,0.9999998527867506,1.0394716856223564e-36,6.02142672829937e-18,2.802913129985194e-55,1.888638167646585e-31,5.0,Mid-Cycle Dip
2012-10-31,231.638,0.16,97.5311,-1.18365096431289,7.8,82.6,5.486521739130435,5,6.074651863177362e-31,2.9287716876709064e-56,3.1804346109034464e-08,1.4009096022569749e-41,1.8789247141139522e-169,0.9999999681956538,1.5191912900635695e-37,8.413462944213801e-21,1.123767157246718e-35,2.8676351029532492e-36,5.0,Mid-Cycle Dip
2012-11-30,231.249,0.16,97.9084,-1.18589758288119,7.7,82.7,5.709090909090909,5,2.4292502313961514e-31,5.730596272711972e-58,2.4154697374211767e-08,2.419211401553718e-41,2.0922590565416087e-162,0.9999999758453025,3.830732353302548e-37,5.0113987902526454e-23,1.106261305933037e-31,2.5716511295067807e-36,5.0,Mid-Cycle Dip
2012-12-31,231.221,0.16,98.1884,-1.16569778970211,7.9,72.9,5.331904761904762,5,1.0954249233780015e-35,2.121267977393171e-44,1.069076943326329e-06,3.898381123551805e-40,2.18518619096961e-183,0.9999989309230112,2.5833888038213647e-39,4.5216330398577e-14,9.180650095985957e-91,1.1135606160733227e-25,5.0,Mid-Cycle Dip
2013-01-31,231.679,0.14,98.1736,-1.11483473833805,8.0,73.8,4.936521739130434,5,1.5818880844551927e-35,2.7703434176253096e-41,2.235943449525223e-07,2.4539785758624877e-41,3.4237185606010337e-183,0.9999997764051208,1.0927869475240743e-40,5.341555232744001e-13,2.9102428003962102e-95,9.941636949216021e-27,5.0,Mid-Cycle Dip
2013-02-28,232.937,0.15,98.6434,-1.02704134699753,7.7,77.6,4.993,5,6.15627700927976e-34,2.679670236438804e-44,3.345900471255322e-08,2.487646174580308e-41,1.3002475100539949e-156,0.9999999665409954,9.862103228298516e-38,4.192256824367565e-19,4.8033641295483635e-51,7.79809504232338e-30,5.0,Mid-Cycle Dip
2013-03-31,232.282,0.14,99.047,-0.896083416869249,7.5,78.6,4.804090909090909,5,2.496616911641839e-32,1.8603104334907761e-41,2.3185315109008892e-08,1.1309403135947225e-40,8.533772835052769e-141,0.9999999768146848,2.9448457314229423e-34,8.816584968647875e-23,1.0246391903383617e-36,1.9566194411536553e-29,5.0,Mid-Cycle Dip
2013-04-30,231.797,0.15,98.9445,-0.730473346426988,7.6,76.4,4.76409090909091,5,1.7309131567892337e-31,1.3107999246170225e-31,4.8149508379879626e-08,1.698421323772914e-40,6.195325158000607e-144,0.9999999518504916,3.967045759826186e-32,2.216696559497961e-19,9.454426690083099e-50,5.844303964554738e-26,5.0,Mid-Cycle Dip
2013-05-31,231.893,0.11,99.0383,-0.542601666883676,7.5,84.5,4.378260869565217,5,8.14529609329758e-27,3.962347512686479e-31,4.5543078224487007e-10,2.5111151441219278e-42,2.0893292902845726e-120,0.9999999995445692,9.500472881624285e-31,6.747066962845379e-25,8.842116339233179e-20,5.619090204293522e-34,5.0,Mid-Cycle Dip
2013-06-30,232.445,0.09,99.2221,-0.342575547382832,7.5,84.1,5.058095238095238,5,6.056689687132354e-26,3.415466108794789e-23,1.7329920799255875e-10,5.167072905552531e-43,4.2102684567526423e-113,0.9999999998267008,3.2089901861169124e-29,1.5697421106937972e-23,1.1948185886602717e-19,2.5728412160844387e-33,5.0,Mid-Cycle Dip
2013-07-31,232.9,0.09,98.8987,-0.133500784411374,7.3,85.1,4.81695652173913,5,3.9404510381979596e-23,2.5961209156189884e-18,1.1387167263006769e-10,1.7639980668008507e-42,4.124814144232901e-102,0.9999999998861284,1.0605330948555918e-24,4.688794263811296e-26,2.018527354914415e-17,1.9350662076939856e-33,5.0,Mid-Cycle Dip
2013-08-31,233.456,0.08,99.4897,0.0850059700099215,7.2,82.1,4.751363636363636,5,8.435134059736065e-24,1.0332651035463886e-10,1.7612592718348918e-10,1.791863192363756e-42,1.7414293734971202e-93,0.9999999997205475,2.2825737947717274e-22,7.125816137441663e-25,1.214714347299857e-18,1.4012620938592316e-30,5.0,Mid-Cycle Dip
2013-09-30,233.544,0.08,100.021,0.312649203070996,7.2,77.5,4.642857142857143,5,1.0788710555479898e-24,0.000971180135315439,1.9700921840810903e-09,3.0360911898970893e-42,4.88290972911923e-92,0.9990288178945927,1.1297323638976827e-19,1.106697027780884e-20,2.770744145957286e-28,2.4190817261064446e-26,5.0,Mid-Cycle Dip
2013-10-31,233.669,0.09,99.9037,0.543558411407033,7.2,73.2,4.554347826086956,1,1.1967917850590537e-25,0.9311875736115994,3.3669654046148185e-09,3.841340353661968e-43,6.0597913526444415e-96,0.06881242302143475,5.356722148239176e-18,7.456176805123608e-18,1.7338212489440749e-46,6.171197871400936e-24,1.0,Crisis Peak
2013-11-30,234.1,0.08,100.1582,0.767537138953869,6.9,75.1,4.321363636363636,1,1.097140007985641e-24,0.9977525673793695,9.641001296933788e-11,4.8223685945369e-44,1.1076415748980793e-79,0.0022474325242176968,2.6361205289318475e-15,3.1846144588284227e-25,4.482545905286584e-30,7.601318156680578e-28,1.0,Crisis Peak
2013-12-31,234.719,0.09,100.374,0.971119168534748,6.7,82.5,4.081363636363637,1,6.055327840388855e-21,0.9977673608824956,3.615876619590923e-13,3.1290215337404215e-45,7.470217518498681e-58,0.0022326391170722597,7.0487624078285e-14,3.430306815125558e-34,4.5471051305457684e-20,9.461940719708182e-37,1.0,Crisis Peak
2014-01-31,235.288,0.07,99.9899,1.13910985348068,6.6,81.2,3.969130434782609,1,1.1492447767000557e-20,0.9991319007019727,2.769013725246643e-13,5.1444709128082816e-46,1.665635486284888e-56,0.0008680992952544278,2.495965683506482e-12,2.323719183298125e-34,2.653982801751123e-22,1.4535320999543008e-37,1.0,Crisis Peak
2014-02-28,235.547,0.07,100.7471,1.25828617941671,6.7,81.6,4.0305,1,3.095011825227307e-21,0.9994727584502447,6.529205087540287e-14,1.6679651437968732e-47,3.4276809752556944e-53,0.0005272415478069097,1.882543299879104e-12,3.312857185148746e-31,5.939340967149652e-16,2.3994357763890415e-40,1.0,Crisis Peak
2014-03-31,236.028,0.08,101.7435,1.32420916179553,6.7,80.0,3.8076190476190472,1,2.2385861330252956e-23,0.9999664007723053,4.184466080011794e-14,4.44222399872585e-48,1.1079954371275434e-52,3.3599226380292965e-05,8.274665804093708e-13,2.8800921288902414e-30,4.4511269599645286e-13,1.949369715706012e-40,1.0,Crisis Peak
2014-04-30,236.468,0.09,101.8273,1.3505375229715,6.2,84.1,3.7040909090909087,1,8.691112745901744e-22,0.999999396484702,1.0412254523006373e-15,1.0601498231584698e-46,5.19158003806028e-38,6.035147588562294e-07,5.379977020609133e-13,3.919581627375727e-48,3.658640517884589e-35,9.476911958352713e-44,1.0,Crisis Peak
2014-05-31,236.918,0.09,102.2392,1.35758561271606,6.3,81.9,3.75,1,2.640480886072823e-23,0.9999995935782471,4.506692747937383e-15,5.880046283907318e-47,3.0680272964703404e-42,4.064210605301116e-07,6.880470013469843e-13,1.5367418496534324e-42,1.0468696993362844e-21,3.035937279047735e-42,1.0,Crisis Peak
2014-06-30,237.231,0.1,102.5774,1.3633655966783,6.1,82.5,3.471904761904762,1,4.565316202676876e-23,0.9999999111176623,5.911188887381275e-15,9.359435339357288e-46,1.0156833267331377e-37,8.888138817925554e-08,9.436554620778255e-13,2.548353650283816e-49,1.6660374128583269e-31,3.835098038756271e-42,1.0,Crisis Peak
2014-07-31,237.498,0.09,102.7954,1.37600967135838,6.2,81.8,3.653043478260869,1,7.879364122479854e-24,0.9999999115283763,5.991603716205192e-15,1.827932989605691e-46,2.846802947993657e-40,8.847128847947175e-08,3.292266552945679e-13,1.3773084390103977e-44,5.568546337194679e-22,2.1804087307907422e-42,1.0,Crisis Peak
2014-08-31,237.46,0.09,102.6322,1.3976207793353,6.1,82.5,3.9718181818181817,1,3.946882039456011e-23,0.9999999285135073,4.1046744308956455e-15,3.773005804849014e-46,1.603925439027232e-37,7.148556225821447e-08,9.263586569313041e-13,2.2762889629456585e-48,1.354336494489737e-29,6.061550399424062e-43,1.0,Crisis Peak
2014-09-30,237.477,0.09,102.9417,1.4276210654124,5.9,84.6,4.06,1,3.6804036239096267e-22,0.9999999753531336,1.2965864882709333e-15,1.923678689276621e-45,4.138404028100751e-31,2.4646690510577166e-08,1.7460571447560338e-13,1.21816408517101e-56,1.5892489343100255e-48,7.038148097139341e-45,1.0,Crisis Peak
2014-10-31,237.43,0.09,102.9611,1.46547629376267,5.7,86.9,4.514347826086956,1,8.60501605295777e-21,0.999999987441894,2.957142403231221e-16,7.149491489450005e-45,4.690794916083401e-25,1.2558070341885155e-08,3.536482036315182e-14,5.320034129363698e-66,1.6777080896909214e-78,5.210885475104791e-47,1.0,Crisis Peak
2014-11-30,236.983,0.09,103.5978,1.51085093879199,5.8,88.8,4.457619047619048,1,7.285889927667537e-21,0.9999999932303372,2.3717968606060306e-17,3.591558284090897e-46,1.2995890853167875e-23,6.76966263000484e-09,1.0526383640881188e-16,5.911619605904715e-64,2.829623774492753e-77,1.2684652252495507e-50,1.0,Crisis Peak
2014-12-31,236.252,0.12,103.6151,1.56297821568924,5.6,93.6,5.069565217391304,1,2.9006848274482348e-18,0.9999999969465201,7.351743647789159e-19,1.0401758809945191e-45,2.5517106159753765e-15,3.053477304195482e-09,2.5650216776293327e-19,1.257273414390097e-78,3.117726746725494e-147,5.8505304595438855e-55,1.0,Crisis Peak
2015-01-31,234.747,0.11,102.7923,1.62154074953327,5.7,98.1,5.288695652173913,1,1.7805039937318332e-15,0.9999999972033184,6.9974153600194e-21,2.1377263425058101e-47,8.981494807705502e-13,2.795781702203628e-09,2.3333271917596554e-20,3.90145796106633e-80,1.3682875432111504e-188,2.3335357119220858e-60,1.0,Crisis Peak
2015-02-28,235.342,0.11,102.1366,1.68581461939334,5.5,95.4,4.711428571428572,1,4.591708823460504e-16,0.9999999990554402,2.1466476575343006e-20,1.14600866177016e-46,1.4617828474366813e-13,9.444130677084153e-10,3.456495602434393e-17,1.1485360636908408e-86,3.9345901969929357e-197,1.320495939243784e-57,1.0,Crisis Peak
2015-03-31,235.976,0.11,101.7869,1.75138618821989,5.4,93.0,4.664545454545455,1,1.5833773952464293e-16,0.9999999992734379,1.2923254263795186e-19,3.230406972970095e-46,1.9507428791236127e-14,7.265351651925582e-10,7.180974870117164e-15,8.907303563677855e-89,2.5167375099740554e-189,1.249713289821998e-55,1.0,Crisis Peak
2015-04-30,236.222,0.12,101.2255,1.81136596927688,5.4,95.9,4.635454545454546,1,1.2141908912276703e-14,0.9999999992607436,1.0383412779413931e-20,7.161610030105983e-47,1.5421396391096615e-12,7.377012932598297e-10,7.372697582547143e-16,4.1207878003009037e-91,4.437788843504269e-224,4.460180680569995e-59,1.0,Crisis Peak
2015-05-31,237.001,0.12,100.7675,1.8597089667964,5.6,90.7,4.507727272727273,1,3.2684833916042457e-15,0.9999998897978529,1.1201030611409948e-17,1.9424557189380237e-46,1.0228578509264184e-17,1.1011660859587218e-07,8.553517434646747e-11,1.8063262911463116e-75,3.561518287459176e-141,3.735111131104168e-54,1.0,Crisis Peak
2015-06-30,237.657,0.13,100.4588,1.89321738359514,5.3,96.1,4.66,1,1.691985808708998e-13,0.9999999988858537,1.3405191618669129e-20,1.0929787479599743e-46,9.075333788470098e-12,1.104896665871115e-09,5.11297222808419e-15,3.008188394500696e-94,6.069062622820871e-243,1.0143636247217366e-59,1.0,Crisis Peak
2015-07-31,238.034,0.13,101.0893,1.91406038428506,5.2,93.1,5.106086956521739,1,2.0931682821179933e-15,0.9999999996203888,1.0609545687413177e-19,4.076110046007053e-46,6.6332908203840765e-12,3.7291374175274823e-10,6.210356385243949e-14,3.0321374017573915e-96,1.0952804365873322e-220,2.5191945901300985e-57,1.0,Crisis Peak
2015-08-31,238.033,0.14,100.9165,1.9263841001745097,5.1,91.9,5.658095238095238,1,2.0882707662544436e-15,0.9999999996864666,5.217955586368211e-19,3.694144344979467e-45,7.452815077744134e-12,3.0568657788882686e-10,3.920807151429267e-13,3.632049238961659e-102,4.2544979677326864e-231,2.3946942699561867e-55,1.0,Crisis Peak
2015-09-30,237.498,0.14,100.633,1.93365531095599,5.0,87.2,5.868181818181818,1,1.993719095945222e-15,0.9999999970363964,9.17187031168816e-16,1.5088586255898826e-42,5.423426517199385e-14,1.8049663818953425e-09,1.1585800087510396e-09,8.955914801159631e-107,5.5764461775404244e-210,1.3144877163062646e-48,1.0,Crisis Peak
2015-10-31,237.733,0.12,100.1563,1.93640213870066,5.0,90.0,6.197391304347826,1,1.0878734685677287e-14,0.9999999987033497,1.233993202204784e-17,6.391035717053025e-44,7.097625672414487e-13,1.285226279847369e-09,1.0703344509383295e-11,5.248100590270837e-107,2.46657991660029e-235,2.9054949455242035e-52,1.0,Crisis Peak
2015-11-30,238.017,0.12,99.4366,1.93340847071216,5.1,91.3,6.136190476190476,1,2.0056142561278417e-13,0.9999999906420856,6.69293525602694e-18,1.9326176617938995e-44,5.3816872931962286e-14,9.351725481919596e-09,5.9345705794859444e-12,5.254294899316386e-102,7.241765580664169e-235,2.3647665009699766e-53,1.0,Crisis Peak
2015-12-31,237.761,0.24,98.9471,1.92320529808263,5.0,92.6,6.8786956521739135,1,1.6643215748690805e-12,0.9999999988053259,2.4255045521704524e-18,7.162197953061911e-43,5.718336442970884e-14,1.1929288976938035e-09,2.3894490231517476e-14,2.1510756890028582e-123,1.07852749078e-312,1.410059746928851e-51,1.0,Crisis Peak
2016-01-31,237.652,0.34,99.4391,1.90349200151978,4.8,92.0,7.594545454545455,1,8.543973674023487e-13,0.9999999998661455,9.314477227077189e-18,1.875397703249098e-40,2.840048683727466e-11,1.045973278660294e-10,2.3185121195809653e-15,3.709260088107543e-148,0.0,3.655116924459261e-48,1.0,Crisis Peak
2016-02-29,237.336,0.38,98.9232,1.8719053477196,4.9,91.7,8.225714285714286,1,3.614085675521882e-12,0.999999999561803,3.482039071187405e-17,6.074918360673791e-40,4.3931955593224496e-14,4.345377623415776e-10,1.4172680432463776e-15,3.215437036835895e-148,0.0,2.3703485365028615e-46,1.0,Crisis Peak
2016-03-31,238.08,0.36,98.1635,1.83346958150238,5.0,91.0,6.980869565217391,1,9.046913618406188e-12,0.9999999960655683,1.310391302010241e-16,3.2040889713616226e-40,5.011606760997707e-18,3.925380418618693e-09,4.022089504628362e-15,6.686091993260713e-138,0.0,1.8338845443558114e-45,1.0,Crisis Peak
2016-04-30,238.992,0.37,98.4775,1.79616686623395,5.1,89.0,6.619545454545454,1,5.311308093440997e-13,0.9999999910268711,9.721064000069676e-16,2.22904329812635e-40,3.2815442904907575e-19,8.972308778115976e-09,2.879567234139713e-13,1.6110441894412836e-127,3.5892050667287345e-285,8.985913396903497e-44,1.0,Crisis Peak
2016-05-31,239.557,0.37,98.2549,1.76860970143653,4.8,94.7,6.260909090909092,1,4.4387092770656094e-11,0.9999999994336304,2.1544120932966785e-18,7.10168149216788e-40,3.940156328146663e-14,5.219430589212107e-10,5.843745071410687e-17,7.244119460405004e-150,0.0,4.8567568228640763e-48,1.0,Crisis Peak
2016-06-30,240.222,0.38,98.7315,1.75801659291352,4.9,93.5,6.104090909090909,1,2.8458166354816423e-12,0.9999999992429616,4.747854655530542e-18,1.9266769646684168e-40,6.993915198217796e-14,7.541212440174872e-10,1.540578216372708e-15,8.1689348350342145e-140,0.0,9.999323030413842e-48,1.0,Crisis Peak
2016-07-31,240.101,0.39,98.8452,1.76768071371246,4.8,90.0,5.649090909090909,1,9.003799737655619e-13,0.9999999988341701,6.76125899899891e-16,1.1928546015522938e-38,7.84304780172716e-14,1.164776202711031e-09,7.418762848024189e-14,5.467427616969763e-147,0.0,3.459834564975888e-43,1.0,Crisis Peak
2016-08-31,240.545,0.4,98.7427,1.79840451266319,4.9,89.8,5.3,1,4.089552992149303e-13,0.9999999986923527,3.8068109654257796e-16,1.364863632896294e-39,3.8965907353407835e-15,1.3071225719389341e-09,1.1137050216289963e-13,1.4425275539367331e-139,0.0,4.504585367543493e-44,1.0,Crisis Peak
2016-09-30,241.176,0.4,98.6552,1.84851234831627,5.0,91.2,5.1454545454545455,1,3.980870554791292e-13,0.9999999989294681,2.5346122945726173e-17,3.1329375021212364e-41,2.673028275353932e-15,1.0700915797381605e-09,3.950857140980744e-14,5.090585925813274e-131,3.78921666e-316,2.7845750426432624e-47,1.0,Crisis Peak
2016-10-31,241.741,0.4,98.7237,1.91426688263992,4.9,87.2,4.736666666666666,1,1.5122135095962587e-13,0.9999999978396659,8.239844459260092e-15,1.021844415555802e-39,3.1208248335472898e-15,2.154334473844144e-09,5.837190432431656e-12,7.900576145510315e-134,2.201490373499807e-286,2.343889078233238e-43,1.0,Crisis Peak
2016-11-30,242.026,0.41,98.3443,1.99176848342488,4.7,93.8,4.88909090909091,1,6.166923330944436e-12,0.9999999998758402,5.985916622741001e-19,3.3641907887218893e-41,7.65165724082096e-11,4.147633044131763e-11,3.930088440247601e-17,1.8727399166228604e-152,0.0,5.302359762957873e-51,1.0,Crisis Peak
2016-12-31,242.637,0.54,99.0406,2.07973841758669,4.7,98.2,4.277391304347826,1,1.948578342121888e-11,0.9999997991181271,2.1005998937544362e-21,8.354959294781258e-42,2.008612104648479e-07,1.1767325987483772e-12,1.8137006927395913e-20,1.0399932265031361e-165,0.0,9.219740204832648e-56,1.0,Crisis Peak
2017-01-31,243.618,0.65,98.8158,2.178950984539469,4.7,98.5,4.0209090909090905,1,5.7610851398410995e-11,0.9999996619118193,1.887101352932333e-21,2.2406782735344067e-41,3.380300883808727e-07,4.815336093866595e-13,1.4007302630565209e-21,1.1576329567711668e-176,0.0,9.339264125973444e-56,1.0,Crisis Peak
2017-02-28,244.006,0.66,98.4356,2.2912999926913,4.6,96.3,3.853,1,1.1543431646311168e-10,0.9999988967845096,4.9492167823554926e-20,1.6077380013579838e-40,1.1030991315767456e-06,9.244699698807052e-13,3.0710707306589223e-21,1.2573599469085402e-184,0.0,4.218010703151693e-54,1.0,Crisis Peak
2017-03-31,243.892,0.79,99.0492,2.41641136932385,4.4,96.9,3.898260869565217,1,3.6167485917561913e-10,0.9978606378829303,6.804387929484812e-20,1.5867917006285155e-38,0.002139361755349791,4.496227383572103e-14,4.231755248363827e-24,8.777165565025565e-219,0.0,1.8911364699102363e-53,1.0,Crisis Peak
2017-04-30,244.193,0.9,100.0416,2.54891311580241,4.4,97.0,3.9166666666666665,1,2.4413347315696036e-10,0.5443638471608067,1.5269050752643971e-19,6.27080963495403e-38,0.45563615259505114,8.652978963608584e-15,4.5935302955569156e-24,3.5836742830745955e-229,0.0,2.276361235492883e-54,1.0,Crisis Peak
2017-05-31,244.004,0.91,100.128,2.6797124603465,4.4,97.1,3.743478260869565,4,2.3540149219517486e-10,0.20960902699583808,7.925835685894509e-20,1.1490741891518975e-38,0.7903909727687571,3.3919387794202388e-15,7.854989462178969e-25,1.428594411583217e-230,0.0,8.579336212637103e-57,4.0,Late-Cycle Surge
2017-06-30,244.163,1.04,100.337,2.79852272980408,4.3,95.0,3.7509090909090905,4,9.691862358954222e-11,0.0015832578977196482,1.7890711672554557e-18,4.820070287356102e-37,0.9984167420053615,1.1161382149870473e-16,9.525527248148875e-27,1.2281731269565056e-259,0.0,4.110976345022463e-54,4.0,Late-Cycle Surge
2017-07-31,244.243,1.15,100.0865,2.896396714645209,4.3,93.4,3.691904761904762,4,3.1808001018562956e-10,9.396204582386271e-05,7.389459908058503e-17,1.2450586402632312e-35,0.9999060376360961,6.011937076199686e-17,8.67930815066158e-29,3.665975069404784e-279,0.0,1.4735624187662112e-51,4.0,Late-Cycle Surge
2017-08-31,245.183,1.16,99.6323,2.96466665636978,4.4,96.8,3.833913043478261,4,2.6173912674220584e-09,0.005435246567403031,5.923896852323335e-19,2.214799059841308e-37,0.9945647508152055,4.3145533429441457e-16,1.7620310676317417e-30,3.8018739810453823e-267,0.0,1.38954228315945e-56,4.0,Late-Cycle Surge
2017-09-30,246.435,1.15,99.7482,2.9952194482495,4.3,95.1,3.719090909090909,4,2.6025023176293716e-10,0.00013222966003900718,1.9352571756737633e-18,1.670913601257176e-37,0.9998677700797108,6.100052457927713e-17,1.5127748935171796e-29,5.6674562060275675e-269,0.0,2.093991711492303e-56,4.0,Late-Cycle Surge
2017-10-31,246.626,1.15,100.9893,2.98089754688416,4.2,100.7,3.492272727272727,4,1.8206779481215302e-10,0.013649172317916448,2.1519473541356866e-22,9.284072120601046e-39,0.9863508275000159,1.430349540114966e-18,6.519528482493373e-32,5.244815669892744e-273,0.0,4.023821253021261e-63,4.0,Late-Cycle Surge
2017-11-30,247.284,1.16,101.2493,2.9170990223632094,4.2,98.5,3.6818181818181817,4,2.7197529930749957e-11,0.0009495729925599085,5.026330889110082e-21,5.511053439978903e-38,0.9990504269802426,1.1160638338711042e-18,3.1835996698280096e-29,2.8797459603619836e-270,0.0,5.497107893768565e-60,4.0,Late-Cycle Surge
2017-12-31,247.805,1.3,101.4871,2.80453268317476,4.1,95.9,3.6,4,1.0340167527757498e-11,6.814599167035403e-07,7.36676877154803e-19,1.079299065728827e-34,0.9999993185297432,5.21963536188801e-20,4.155276178179392e-29,7.042995231319592e-303,0.0,3.683733736890392e-52,4.0,Late-Cycle Surge
2018-01-31,248.859,1.41,101.4852,2.65745652075374,4.0,95.7,3.361739130434782,4,5.242780801552941e-12,2.052458175790669e-10,1.248460353159673e-18,9.317006222527612e-33,0.9999999997895115,3.42671967785605e-21,1.159427930097335e-30,0.0,0.0,1.2545522963458894e-47,4.0,Late-Cycle Surge
2018-02-28,249.529,1.42,101.7319,2.49408827326035,4.1,99.7,3.5420000000000003,4,2.662350937360753e-12,1.0915775467750893e-10,2.1402385613678737e-21,3.40837772368534e-34,0.9999999998881799,1.8500525192968985e-20,1.6871526935627687e-32,1.4270113e-317,0.0,1.3410506889451987e-50,4.0,Late-Cycle Surge
2018-03-31,249.577,1.51,102.1943,2.32560895771004,4.0,101.4,3.645217391304348,4,1.3095157737774707e-12,1.3890732918901186e-17,3.499134089552808e-22,6.099695913549393e-33,0.9999999999986904,2.474548943763516e-21,7.465702872962152e-36,0.0,0.0,6.936311847526688e-49,4.0,Late-Cycle Surge
2018-04-30,250.227,1.69,103.3551,2.15390287267833,4.0,98.8,3.473333333333333,4,2.6559310743182262e-14,1.8705635157305307e-31,7.353188978627116e-20,2.5444226629946245e-30,0.9999999999999734,3.2002291150376623e-23,6.189029898588842e-34,0.0,0.0,9.025819598774607e-43,4.0,Late-Cycle Surge
2018-05-31,250.792,1.7,102.381,1.97791878105511,3.8,98.0,3.468695652173913,4,1.364565258547214e-14,2.8538699777739326e-39,5.335098362608608e-20,2.483355041894477e-29,0.9999999999999865,4.9692217123605395e-24,8.905036875296194e-36,0.0,0.0,1.884467971255218e-39,4.0,Late-Cycle Surge
2018-06-30,251.018,1.82,103.2256,1.80011453850558,4.0,98.2,3.4518181818181817,4,4.108541766982667e-16,5.580741159781225e-50,1.0397833448459972e-19,2.5097749003927915e-29,0.9999999999999996,5.325951378377517e-24,8.50010513445324e-35,0.0,0.0,1.6087350677142297e-38,4.0,Late-Cycle Surge
2018-07-31,251.214,1.91,103.3561,1.63328268619688,3.8,97.9,3.5900000000000003,4,5.539724714010165e-17,1.2480735167235567e-67,1.3510623106913477e-19,5.093063037715073e-28,1.0,6.278211685136158e-26,2.201326532740341e-37,0.0,0.0,1.8154906972953925e-36,4.0,Late-Cycle Surge
2018-08-31,251.663,1.91,104.0585,1.49497146097072,3.8,96.2,3.4526086956521738,4,2.4263550610101023e-18,1.338775266395661e-78,6.603372711390888e-18,2.6665732826989237e-27,1.0,1.853668364915982e-26,1.0098562457508816e-34,0.0,0.0,7.557747969499119e-35,4.0,Late-Cycle Surge
2018-09-30,252.182,1.95,104.1038,1.40144951761527,3.7,100.1,3.341428571428572,4,5.771436049064659e-19,4.7198393154179794e-89,6.790626763032087e-21,5.766029240995788e-29,1.0,2.569037051436951e-26,5.001441236764023e-42,0.0,0.0,1.5533315148010552e-39,4.0,Late-Cycle Surge
2018-10-31,252.772,2.19,103.9297,1.35990719669466,3.8,98.6,3.5191304347826087,4,4.664008292932284e-19,9.713607755223053e-101,8.947513176955393e-20,2.4497781897344022e-27,1.0,6.796988097744703e-28,7.403868584273306e-41,0.0,0.0,1.0020387529717592e-35,4.0,Late-Cycle Surge
2018-11-30,252.594,2.2,104.0126,1.37060782302217,3.8,97.5,4.017272727272727,4,4.501301737704203e-19,3.200588935675758e-101,5.653853682409583e-19,9.61517596777281e-27,1.0,1.791070029932694e-28,1.9025007320686952e-39,0.0,0.0,2.4799433928000867e-34,4.0,Late-Cycle Surge
2018-12-31,252.767,2.27,104.0451,1.42538569810405,3.9,98.3,4.791428571428572,4,1.073038199257833e-18,2.81462313565879e-98,2.3065809594492453e-19,7.085738085582023e-27,1.0,3.526014739883642e-28,3.827593058361011e-40,0.0,0.0,1.0102299833543749e-34,4.0,Late-Cycle Surge
2019-01-31,252.561,2.4,103.3598,1.50300758628889,4.0,91.2,4.605217391304348,4,3.3814042155196484e-16,5.220270536064636e-94,5.810468683899797e-13,1.322127899877569e-21,0.9999999999994187,9.14605411074981e-30,1.8191621917934682e-31,0.0,0.0,2.585592179113568e-23,4.0,Late-Cycle Surge
2019-02-28,253.319,2.4,102.8251,1.57942121361084,3.8,93.8,4.128,4,8.985563122386822e-16,2.6026223818796385e-92,1.2608098106274973e-15,1.3258917483538302e-22,0.9999999999999978,3.475707526977991e-30,9.700965001229595e-38,0.0,0.0,2.91452423342435e-26,4.0,Late-Cycle Surge
2019-03-31,254.277,2.41,102.8361,1.63648580649111,3.8,98.4,4.010454545454546,4,1.2835056459737504e-15,5.206513117927331e-88,5.678134133549638e-19,1.0998040860840925e-24,0.9999999999999987,1.4237902306691982e-28,6.36408707945394e-43,0.0,0.0,9.336753991919997e-32,4.0,Late-Cycle Surge
2019-04-30,255.233,2.42,102.2748,1.67114402259211,3.7,97.2,3.780909090909091,4,8.083668772646699e-15,2.203038592594342e-86,4.688601057191627e-18,1.4196522687198238e-23,0.999999999999992,4.869350639350283e-29,6.550779098745222e-43,0.0,0.0,1.091238698286581e-29,4.0,Late-Cycle Surge
2019-05-31,255.296,2.39,102.4176,1.68631691413266,3.6,100.0,4.06391304347826,4,1.545803386044283e-14,1.1492517707851895e-86,7.145411634545145e-20,2.142310627630902e-24,0.9999999999999845,2.1517896585901277e-28,1.3676994172242065e-46,0.0,0.0,6.186158762963437e-33,4.0,Late-Cycle Surge
2019-06-30,255.213,2.38,102.5425,1.68321052551067,3.6,98.2,4.214285714285714,4,3.2028035888133915e-15,6.993865112618999e-88,4.980345796025099e-19,3.2860139974911988e-24,0.9999999999999969,1.776429953859055e-29,1.5133510313167098e-44,0.0,0.0,1.3968701676340805e-31,4.0,Late-Cycle Surge
2019-07-31,255.802,2.4,102.0057,1.65492188450584,3.7,98.4,3.997391304347826,4,1.9398702618102447e-14,3.0329991615156756e-84,1.0994012549642359e-18,5.803736874125198e-24,0.9999999999999807,7.7313024289813265e-28,1.2645834142046054e-43,0.0,0.0,7.582169373914355e-31,4.0,Late-Cycle Surge
2019-08-31,256.036,2.13,102.7814,1.59167405369384,3.6,89.8,4.293913043478261,4,2.6312004290480507e-16,1.636450160655654e-83,1.5040552013991213e-12,4.992707415702e-22,0.9999999999984959,5.309342330879e-30,4.13612822959732e-29,0.0,0.0,1.8431335106576044e-24,4.0,Late-Cycle Surge
2019-09-30,256.43,2.04,102.4601,1.48765462181696,3.5,93.2,3.943809523809524,4,1.5368520692933998e-17,6.936173712072254e-86,3.326582786855013e-16,7.951879679224232e-25,0.9999999999999996,8.241949990080407e-29,5.920633257233168e-34,0.0,0.0,9.305435378373117e-30,4.0,Late-Cycle Surge
2019-10-31,257.155,1.83,101.5878,1.35011262270832,3.6,95.5,4.098260869565218,4,1.2099158252088041e-17,2.260122867182404e-75,5.6269107017444866e-18,1.8833742455240595e-27,1.0,2.703356315656213e-24,1.499256661082528e-33,0.0,0.0,9.805620503152705e-34,4.0,Late-Cycle Surge
2019-11-30,257.879,1.55,102.1494,1.1917427607844,3.6,96.8,4.047272727272727,4,1.9241333401723362e-19,2.254520818419998e-73,1.0791828544810417e-18,3.987730492296432e-30,1.0,9.36799645900466e-22,5.743664856497053e-34,0.0,0.0,9.250893725245633e-39,4.0,Late-Cycle Surge
2019-12-31,258.63,1.55,101.9421,1.02541013345376,3.6,99.3,3.713181818181818,4,3.0447388652203746e-20,1.4931806834286753e-82,2.5010312294508616e-20,1.3027454531739684e-31,1.0,9.971173428082274e-21,2.2573431873853697e-38,0.0,0.0,4.2689320013046904e-42,4.0,Late-Cycle Surge
2020-01-31,259.127,1.55,101.3372,0.860358502542956,3.6,99.8,3.601304347826087,4,5.669795607924891e-20,1.2276378889519182e-89,5.84299564249598e-20,2.5828012617265186e-31,1.0,3.816801507910357e-19,2.3387666712524036e-38,0.0,0.0,7.321469002777694e-42,4.0,Late-Cycle Surge
2020-02-29,259.25,1.58,101.6718,0.702170896319922,3.5,101.0,3.921904761904762,4,1.595705816299402e-21,1.3833794084564258e-107,8.22637707671881e-21,4.3705014547029133e-32,1.0,1.0943742938426164e-19,8.575730803968305e-43,0.0,0.0,2.5179892112061005e-44,4.0,Late-Cycle Surge
2020-03-31,258.076,0.65,97.606,-10.4145904578785,4.4,89.1,7.854090909090909,5,2.870289578378527e-261,0.0,1.5879857715835952e-17,3.845028947796704e-217,0.0,1.0,0.0,3.4830854603411284e-242,4.259785e-318,0.0,2.0,Mid-Cycle Dip
2020-04-30,256.032,0.05,84.6812,-13.1701669149038,14.8,71.8,8.129999999999999,2,0.0,0.0,1.0,3.7529485900000737e-212,0.0,8.623226715229599e-94,0.0,0.0,0.0,0.0,2.0,Deep Recession
2020-05-31,255.802,0.05,86.0108,-14.5875276198033,13.2,72.3,7.287272727272727,2,0.0,0.0,1.0,8.691787152274251e-265,0.0,8.55138121053227e-75,0.0,0.0,0.0,0.0,2.0,Deep Recession
2020-06-30,257.042,0.08,91.6745,-11.0689306697268,11.0,78.1,6.066363636363636,2,3.993431374370128e-273,0.0,1.0,6.485039794474223e-179,0.0,4.545810407122781e-30,0.0,2.089377732477445e-182,0.0,0.0,2.0,Deep Recession
2020-07-31,258.352,0.09,95.0037,-7.59387097573855,10.2,72.5,5.699565217391305,2,7.065277432743082e-167,0.0,0.9999999980079739,9.844323005453348e-101,0.0,1.992026677726862e-09,0.0,2.747893975732828e-132,0.0,1.8802755936846068e-265,2.0,Deep Recession
2020-08-31,259.316,0.1,95.9294,-4.16648105839642,8.4,74.1,5.123809523809523,5,2.6088967187875515e-85,7.229856251144351e-266,0.00023444001322465456,1.65537791469795e-58,0.0,0.9997655599867756,6.074189923078082e-158,8.657096305063802e-48,1.5756898364122732e-304,1.995765981076786e-95,5.0,Mid-Cycle Dip
2020-09-30,259.997,0.09,95.8914,-4.21312515474699,7.8,80.4,5.26,5,5.837281876902068e-84,1.2574458520712037e-306,1.9697141067247088e-05,1.1831465018007506e-61,2.668417284758004e-285,0.9999803028589331,3.005867890120269e-154,6.275905308582919e-45,3.1475102759648136e-138,1.3400245105772256e-108,5.0,Mid-Cycle Dip
2020-10-31,260.319,0.09,96.5256,-4.24620805407712,6.9,81.8,5.052173913043478,5,1.8839892921594046e-85,0.0,8.000392590011699e-07,5.04543439228724e-63,1.550550455982337e-238,0.999999199960741,6.375076812880445e-146,2.7038236586538876e-43,1.9201663249863793e-40,6.543309850841278e-116,5.0,Mid-Cycle Dip
2020-11-30,260.911,0.09,96.9529,-4.26486249158849,6.7,76.9,4.525238095238096,5,1.1110968230873535e-87,0.0,1.1774311516028511e-05,2.216136888622287e-60,1.2680810558795777e-235,0.9999882256884839,2.673708530719271e-141,2.1275396861445783e-39,4.128140558562712e-52,1.3673591904000658e-109,5.0,Mid-Cycle Dip
2020-12-31,262.045,0.09,98.2039,-4.387957693668009,6.7,80.7,4.044782608695653,5,2.6846508588367e-93,0.0,1.0969498908658525e-06,1.644040007035732e-65,7.483856846077269e-220,0.999998903050109,1.109969663642236e-166,6.897767020300555e-49,2.4108337348649915e-38,1.8221052618589675e-121,5.0,Mid-Cycle Dip
2021-01-31,262.639,0.09,98.8135,-4.49078816116368,6.4,79.0,3.784090909090909,5,1.029617792415168e-96,0.0,6.906868866447887e-06,1.4459820365460642e-65,1.6473912216002674e-209,0.9999930931311334,2.9200368487531343e-169,4.327202074362873e-50,1.6852241335400254e-28,3.7472692878356952e-124,5.0,Mid-Cycle Dip
2021-02-28,263.573,0.08,95.5072,-4.57588507978225,6.2,76.8,3.526190476190476,5,9.448418955606452e-91,0.0,1.824865939645405e-05,1.2470032518587004e-62,1.4794100389745476e-241,0.9999817513406037,1.4907287839820872e-136,1.456606852668117e-43,2.944232541578223e-29,1.3607071262707784e-123,5.0,Mid-Cycle Dip
2021-03-31,264.847,0.07,98.1929,7.850925465727679,6.1,84.9,3.5473913043478262,8,2.455341927611315e-63,0.0,1.0372573673456581e-41,4.1242685818720215e-166,2.2571055977816808e-66,3.862234314126014e-18,6.628640354930848e-28,8.088877084015228e-18,1.0,0.0,8.0,Slowdown
2021-04-30,266.625,0.07,98.3317,11.897035762319,6.1,88.3,3.2709090909090905,8,8.897128792905642e-148,0.0,1.0987796190996035e-65,1.8945576083569685e-304,3.391681247760533e-179,6.1196131138760426e-31,2.219657209555427e-111,1.0450567455555884e-21,1.0,0.0,8.0,Slowdown
2021-05-31,268.404,0.06,99.1867,14.404877281331,5.8,82.9,3.333809523809524,8,1.0420160799405686e-230,0.0,7.773709582867754e-81,0.0,0.0,1.757331586322087e-43,1.270875879605524e-200,5.51246676255094e-22,1.0,0.0,8.0,Slowdown
2021-06-30,270.71,0.08,99.6483,10.5902013421649,5.9,85.5,3.174545454545455,8,6.426216325992994e-116,0.0,1.4537894880018308e-58,3.0542795864767697e-252,1.2720048634720471e-170,4.501987946391315e-31,4.964565852162239e-62,1.4716899616414263e-22,1.0,0.0,8.0,Slowdown
2021-07-31,271.965,0.1,100.0668,7.13299952025082,5.4,81.2,3.17304347826087,8,9.868687711954426e-56,0.0,5.470546044138907e-38,1.3509187244449518e-140,6.470615975033386e-96,3.032148767748634e-24,1.2012692441660275e-10,9.665279342361502e-23,0.999999999879873,1.9594265522e-313,8.0,Slowdown
2021-08-31,272.752,0.09,100.0412,3.9888304321115102,5.1,70.3,3.321363636363636,6,3.531172428360661e-36,1.3014520400543745e-111,2.7542755888908357e-22,4.162252535971338e-77,1.086089386743702e-75,3.066079550443042e-22,0.9999999999952194,5.0269832807134355e-24,4.780732063336102e-12,1.4367063019285147e-118,6.0,Mild Expansion
2021-09-30,273.942,0.08,98.9955,4.2824534898759,4.7,72.8,3.117272727272727,6,2.7109181802337317e-34,2.019703220159037e-125,1.2147555960851276e-22,1.0227154099083448e-78,1.3896737042310898e-64,1.59220543706799e-21,0.9999999353492729,3.208782470051727e-32,6.465072720657301e-08,1.7557915766625972e-130,6.0,Mild Expansion
2021-10-31,276.528,0.08,100.3542,4.54336855505955,4.5,71.7,3.149090909090909,6,4.021296234761053e-39,7.579413602116123e-145,6.0998294500068555e-25,9.65589868683473e-83,1.8592776392057331e-88,1.5709315890585172e-28,0.9999998488907994,1.033478190120968e-34,1.5110920051894915e-07,1.3853577043295586e-144,6.0,Mild Expansion
2021-11-30,278.824,0.08,101.2684,4.788371132873809,4.2,67.4,3.2245454545454546,6,6.56606458072651e-46,9.975266391714907e-171,3.9177986515936726e-26,1.1770744955127941e-86,2.5405115052310357e-120,2.2843653564271117e-38,0.9999999999861124,4.929816186737803e-38,1.3887605802864881e-11,1.4502945433276856e-155,6.0,Mild Expansion
2021-12-31,280.806,0.08,101.1948,5.063264461189849,3.9,70.6,3.2630434782608693,6,4.47593097980086e-44,6.626080950671718e-183,2.4611061146545747e-26,1.3301919361115602e-87,2.8124157189002928e-121,7.126424179034029e-38,0.9999999999999996,3.370028213409837e-45,3.515713418451476e-16,1.0187419462014593e-169,6.0,Mild Expansion
2022-01-31,282.542,0.08,101.2146,5.338887810779889,4.0,67.2,3.2247619047619045,6,3.3530504922123055e-50,7.854565796280248e-223,3.6141323589860953e-28,9.013547737542203e-96,1.2476242568099153e-140,3.5359315801778094e-42,0.9999999999698639,8.226912647382473e-38,3.013615829339449e-11,5.396371970908095e-186,6.0,Mild Expansion
2022-02-28,284.525,0.08,101.8458,5.61773595496879,3.8,62.8,3.646,6,1.98793311192237e-57,3.0530626650321752e-261,3.7553651162939315e-29,1.5605922268756638e-101,3.5678393861337375e-176,6.597337924843838e-52,1.0,2.8753915688422527e-38,2.0075869456642999e-16,2.9408464980877405e-201,6.0,Mild Expansion
2022-03-31,287.467,0.2,102.6732,5.15612777969839,3.7,59.4,3.788695652173913,6,3.280115852883725e-59,2.333968600714427e-217,1.8987440567162059e-28,7.834475814624012e-93,1.5263210078066082e-195,2.7809083488802632e-61,1.0,3.4031150667457085e-44,3.5248357541795515e-24,1.0399377611381277e-172,6.0,Mild Expansion
2022-04-30,288.582,0.33,102.9024,4.6994945327052,3.7,65.2,3.6536363636363633,6,6.7661398603175085e-49,2.269078754804933e-154,1.3769135445460482e-24,8.291188980102011e-79,1.3132127076066791e-166,1.9479719009156947e-52,1.0,5.276907504989339e-52,2.1612418825208967e-17,7.972622670375038e-146,6.0,Mild Expansion
2022-05-31,291.299,0.77,102.9659,4.24419461722217,3.6,58.4,4.487727272727273,6,2.08065799063105e-53,6.575203262997073e-131,5.91026294190023e-22,1.2309505269703548e-69,9.586483817398834e-174,4.1448308611973424e-67,1.0,2.1014189141790634e-83,2.1832656492620815e-42,1.5056818590561784e-111,6.0,Mild Expansion
2022-06-30,295.072,1.21,102.8224,3.66953541243706,3.6,50.0,4.87,6,3.8440402632124372e-59,7.946945365054203e-123,2.6954180759967135e-19,1.5358678600726494e-61,2.282330176807932e-186,2.73750803245702e-85,1.0,6.383521910208274e-121,1.195120957009315e-74,3.7218900615407026e-78,6.0,Mild Expansion
2022-07-31,294.94,1.68,103.0505,3.09534209686792,3.5,51.5,5.300909090909091,6,2.039217760619997e-54,5.484751934528368e-109,6.489244950905133e-15,1.1644838922112494e-48,4.091944888072667e-158,3.427456128822187e-88,0.9999999999999938,1.4998430440208545e-194,1.5348246628666426e-141,8.821529288757495e-51,6.0,Mild Expansion
2022-08-31,295.162,2.33,103.1703,2.521296393101109,3.6,58.2,4.8,6,5.316876427760066e-44,1.741188852945044e-106,9.014235897055877e-09,3.4345734136970293e-34,2.3148355808190422e-108,6.001849058201621e-79,0.9999999909857644,9.142878453682542e-293,2.775363258259602e-305,4.081075671122237e-28,6.0,Mild Expansion
