scenario,horizon,task,model,feature_block,bin_lower,bin_upper,n,mean_probability,observed_rate
q70,1,entry,logistic,S_last,0.0,0.2,126,0.01777576468219482,0.031746031746031744
q70,1,entry,logistic,S_last,0.2,0.4,2,0.27051316381053625,0.5
q70,1,entry,logistic,S_last,0.4,0.6,1,0.5950806787780958,0.0
q70,1,entry,logistic,S_last,0.6,0.8,3,0.7521339092386731,0.3333333333333333
q70,1,entry,logistic,S_last,0.8,1.0,0,,
q70,1,entry,logistic,S_last+M,0.0,0.2,130,0.017982463064426267,0.038461538461538464
q70,1,entry,logistic,S_last+M,0.2,0.4,0,,
q70,1,entry,logistic,S_last+M,0.4,0.6,0,,
q70,1,entry,logistic,S_last+M,0.6,0.8,0,,
q70,1,entry,logistic,S_last+M,0.8,1.0,2,0.8259117310064282,0.5
q70,1,entry,logistic,S_last+M+R,0.0,0.2,130,0.015127586260445615,0.038461538461538464
q70,1,entry,logistic,S_last+M+R,0.2,0.4,1,0.2396538728749469,0.0
q70,1,entry,logistic,S_last+M+R,0.4,0.6,0,,
q70,1,entry,logistic,S_last+M+R,0.6,0.8,0,,
q70,1,entry,logistic,S_last+M+R,0.8,1.0,1,0.8264183914421297,1.0
q70,1,entry,logistic,S_mean,0.0,0.2,129,0.028098332537341324,0.046511627906976744
q70,1,entry,logistic,S_mean,0.2,0.4,3,0.2593648047251123,0.0
q70,1,entry,logistic,S_mean,0.4,0.6,0,,
q70,1,entry,logistic,S_mean,0.6,0.8,0,,
q70,1,entry,logistic,S_mean,0.8,1.0,0,,
q70,1,entry,prevalence,S_last,0.0,0.2,132,0.046614740118500975,0.045454545454545456
q70,1,entry,prevalence,S_last,0.2,0.4,0,,
q70,1,entry,prevalence,S_last,0.4,0.6,0,,
q70,1,entry,prevalence,S_last,0.6,0.8,0,,
q70,1,entry,prevalence,S_last,0.8,1.0,0,,
q70,1,entry,rf,S_last,0.0,0.2,123,0.016056341145053082,0.016260162601626018
q70,1,entry,rf,S_last,0.2,0.4,6,0.23776501881832765,0.5
q70,1,entry,rf,S_last,0.4,0.6,3,0.4739015127387804,0.3333333333333333
q70,1,entry,rf,S_last,0.6,0.8,0,,
q70,1,entry,rf,S_last,0.8,1.0,0,,
q70,1,entry,rf,S_last+M,0.0,0.2,124,0.023644398303649058,0.03225806451612903
q70,1,entry,rf,S_last+M,0.2,0.4,6,0.2690370708403796,0.3333333333333333
q70,1,entry,rf,S_last+M,0.4,0.6,2,0.4396194361194359,0.0
q70,1,entry,rf,S_last+M,0.6,0.8,0,,
q70,1,entry,rf,S_last+M,0.8,1.0,0,,
q70,1,entry,rf,S_last+M+R,0.0,0.2,124,0.023519075670084016,0.03225806451612903
q70,1,entry,rf,S_last+M+R,0.2,0.4,6,0.2624245514153602,0.3333333333333333
q70,1,entry,rf,S_last+M+R,0.4,0.6,2,0.4336415320790319,0.0
q70,1,entry,rf,S_last+M+R,0.6,0.8,0,,
q70,1,entry,rf,S_last+M+R,0.8,1.0,0,,
q70,1,entry,rf,S_mean,0.0,0.2,123,0.01631436186680464,0.032520325203252036
q70,1,entry,rf,S_mean,0.2,0.4,9,0.29857141596602377,0.2222222222222222
q70,1,entry,rf,S_mean,0.4,0.6,0,,
q70,1,entry,rf,S_mean,0.6,0.8,0,,
q70,1,entry,rf,S_mean,0.8,1.0,0,,
q70,1,entry,single_logistic,S_last,0.0,0.2,128,0.02846542107757178,0.03125
q70,1,entry,single_logistic,S_last,0.2,0.4,4,0.2811451340123657,0.5
q70,1,entry,single_logistic,S_last,0.4,0.6,0,,
q70,1,entry,single_logistic,S_last,0.6,0.8,0,,
q70,1,entry,single_logistic,S_last,0.8,1.0,0,,
q70,1,entry,transition,S_last,0.0,0.2,132,0.044833484477701815,0.045454545454545456
q70,1,entry,transition,S_last,0.2,0.4,0,,
q70,1,entry,transition,S_last,0.4,0.6,0,,
q70,1,entry,transition,S_last,0.6,0.8,0,,
q70,1,entry,transition,S_last,0.8,1.0,0,,
q70,1,state,logistic,S_last,0.0,0.2,117,0.020336475621977455,0.017094017094017096
q70,1,state,logistic,S_last,0.2,0.4,12,0.2793057033841265,0.08333333333333333
q70,1,state,logistic,S_last,0.4,0.6,6,0.5075743911265754,0.5
q70,1,state,logistic,S_last,0.6,0.8,8,0.6990004628394346,0.75
q70,1,state,logistic,S_last,0.8,1.0,19,0.9486261601024921,0.8947368421052632
q70,1,state,logistic,S_last+M,0.0,0.2,119,0.02032114520031823,0.01680672268907563
q70,1,state,logistic,S_last+M,0.2,0.4,12,0.2917977188354283,0.3333333333333333
q70,1,state,logistic,S_last+M,0.4,0.6,4,0.548634489161788,0.5
q70,1,state,logistic,S_last+M,0.6,0.8,11,0.7101648252241994,0.5454545454545454
q70,1,state,logistic,S_last+M,0.8,1.0,16,0.9748334717607903,0.9375
q70,1,state,logistic,S_last+M+R,0.0,0.2,122,0.026103225328229566,0.02459016393442623
q70,1,state,logistic,S_last+M+R,0.2,0.4,9,0.2972049049348151,0.3333333333333333
q70,1,state,logistic,S_last+M+R,0.4,0.6,6,0.5399282605767918,0.6666666666666666
q70,1,state,logistic,S_last+M+R,0.6,0.8,6,0.7183481699402613,0.3333333333333333
q70,1,state,logistic,S_last+M+R,0.8,1.0,19,0.9480641623463512,0.8947368421052632
q70,1,state,logistic,S_mean,0.0,0.2,119,0.029074969004082674,0.025210084033613446
q70,1,state,logistic,S_mean,0.2,0.4,10,0.2677512771449399,0.2
q70,1,state,logistic,S_mean,0.4,0.6,6,0.5255606980639941,0.3333333333333333
q70,1,state,logistic,S_mean,0.6,0.8,7,0.6631356226218992,0.42857142857142855
q70,1,state,logistic,S_mean,0.8,1.0,20,0.946240036884992,0.95
q70,1,state,prevalence,S_last,0.0,0.2,0,,
q70,1,state,prevalence,S_last,0.2,0.4,162,0.312621402444178,0.17901234567901234
q70,1,state,prevalence,S_last,0.4,0.6,0,,
q70,1,state,prevalence,S_last,0.6,0.8,0,,
q70,1,state,prevalence,S_last,0.8,1.0,0,,
q70,1,state,rf,S_last,0.0,0.2,128,0.013796025776258682,0.0234375
q70,1,state,rf,S_last,0.2,0.4,2,0.2915326897367341,0.0
q70,1,state,rf,S_last,0.4,0.6,3,0.5356997266078148,0.3333333333333333
q70,1,state,rf,S_last,0.6,0.8,2,0.6775564923230364,0.5
q70,1,state,rf,S_last,0.8,1.0,27,0.9657377159574871,0.8888888888888888
q70,1,state,rf,S_last+M,0.0,0.2,128,0.017887093264291252,0.0234375
q70,1,state,rf,S_last+M,0.2,0.4,2,0.24384681964277555,0.0
q70,1,state,rf,S_last+M,0.4,0.6,4,0.5366317184653582,0.5
q70,1,state,rf,S_last+M,0.6,0.8,1,0.7446712246087246,0.0
q70,1,state,rf,S_last+M,0.8,1.0,27,0.964774426463152,0.8888888888888888
q70,1,state,rf,S_last+M+R,0.0,0.2,128,0.0180486557686272,0.0234375
q70,1,state,rf,S_last+M+R,0.2,0.4,2,0.2408741464826024,0.0
q70,1,state,rf,S_last+M+R,0.4,0.6,3,0.5264932258645494,0.3333333333333333
q70,1,state,rf,S_last+M+R,0.6,0.8,2,0.6751576064866505,0.5
q70,1,state,rf,S_last+M+R,0.8,1.0,27,0.9663062221003399,0.8888888888888888
q70,1,state,rf,S_mean,0.0,0.2,126,0.019790861935635604,0.03968253968253968
q70,1,state,rf,S_mean,0.2,0.4,5,0.28868135899188535,0.0
q70,1,state,rf,S_mean,0.4,0.6,3,0.4929708767682839,0.6666666666666666
q70,1,state,rf,S_mean,0.6,0.8,7,0.7361743086726777,0.42857142857142855
q70,1,state,rf,S_mean,0.8,1.0,21,0.9597845798381515,0.9047619047619048
q70,1,state,single_logistic,S_last,0.0,0.2,114,0.03652353565767745,0.017543859649122806
q70,1,state,single_logistic,S_last,0.2,0.4,14,0.29033743255048033,0.07142857142857142
q70,1,state,single_logistic,S_last,0.4,0.6,12,0.4947304345253325,0.4166666666666667
q70,1,state,single_logistic,S_last,0.6,0.8,7,0.6896537436984327,0.8571428571428571
q70,1,state,single_logistic,S_last,0.8,1.0,15,0.9302148188089306,1.0
q70,1,state,transition,S_last,0.0,0.2,132,0.04483348447770183,0.045454545454545456
q70,1,state,transition,S_last,0.2,0.4,0,,
q70,1,state,transition,S_last,0.4,0.6,0,,
q70,1,state,transition,S_last,0.6,0.8,0,,
q70,1,state,transition,S_last,0.8,1.0,30,0.9324109032455419,0.7666666666666667
q70,3,entry,logistic,S_last,0.0,0.2,107,0.037353859081448705,0.06542056074766354
q70,3,entry,logistic,S_last,0.2,0.4,17,0.2820800463287912,0.29411764705882354
q70,3,entry,logistic,S_last,0.4,0.6,4,0.5027692828462669,0.5
q70,3,entry,logistic,S_last,0.6,0.8,2,0.7717080755750954,1.0
q70,3,entry,logistic,S_last,0.8,1.0,0,,
q70,3,entry,logistic,S_last+M,0.0,0.2,103,0.01662670036760092,0.06796116504854369
q70,3,entry,logistic,S_last+M,0.2,0.4,9,0.28577345689472233,0.3333333333333333
q70,3,entry,logistic,S_last+M,0.4,0.6,7,0.4792276585657471,0.2857142857142857
q70,3,entry,logistic,S_last+M,0.6,0.8,6,0.6515892502602006,0.3333333333333333
q70,3,entry,logistic,S_last+M,0.8,1.0,5,0.8840361221493065,0.4
q70,3,entry,logistic,S_last+M+R,0.0,0.2,107,0.01912524964954047,0.08411214953271028
q70,3,entry,logistic,S_last+M+R,0.2,0.4,11,0.2666003435784853,0.36363636363636365
q70,3,entry,logistic,S_last+M+R,0.4,0.6,3,0.45584725289028244,0.0
q70,3,entry,logistic,S_last+M+R,0.6,0.8,4,0.7136167775973483,0.5
q70,3,entry,logistic,S_last+M+R,0.8,1.0,5,0.9071719035958979,0.2
q70,3,entry,logistic,S_mean,0.0,0.2,110,0.04569891336249797,0.08181818181818182
q70,3,entry,logistic,S_mean,0.2,0.4,15,0.3061715653368219,0.3333333333333333
q70,3,entry,logistic,S_mean,0.4,0.6,5,0.484076637752766,0.4
q70,3,entry,logistic,S_mean,0.6,0.8,0,,
q70,3,entry,logistic,S_mean,0.8,1.0,0,,
q70,3,entry,prevalence,S_last,0.0,0.2,130,0.11532952509437332,0.12307692307692308
q70,3,entry,prevalence,S_last,0.2,0.4,0,,
q70,3,entry,prevalence,S_last,0.4,0.6,0,,
q70,3,entry,prevalence,S_last,0.6,0.8,0,,
q70,3,entry,prevalence,S_last,0.8,1.0,0,,
q70,3,entry,rf,S_last,0.0,0.2,103,0.029137779955231997,0.06796116504854369
q70,3,entry,rf,S_last,0.2,0.4,15,0.26616939779633275,0.26666666666666666
q70,3,entry,rf,S_last,0.4,0.6,7,0.4867817348169791,0.42857142857142855
q70,3,entry,rf,S_last,0.6,0.8,5,0.6692562202932946,0.4
q70,3,entry,rf,S_last,0.8,1.0,0,,
q70,3,entry,rf,S_last+M,0.0,0.2,102,0.03786447803109154,0.0784313725490196
q70,3,entry,rf,S_last+M,0.2,0.4,14,0.27229363522798394,0.2857142857142857
q70,3,entry,rf,S_last+M,0.4,0.6,7,0.4877402554415214,0.2857142857142857
q70,3,entry,rf,S_last+M,0.6,0.8,7,0.644895438088743,0.2857142857142857
q70,3,entry,rf,S_last+M,0.8,1.0,0,,
q70,3,entry,rf,S_last+M+R,0.0,0.2,102,0.03828568060302942,0.0784313725490196
q70,3,entry,rf,S_last+M+R,0.2,0.4,14,0.2750684592678317,0.2857142857142857
q70,3,entry,rf,S_last+M+R,0.4,0.6,6,0.4677489349996122,0.16666666666666666
q70,3,entry,rf,S_last+M+R,0.6,0.8,8,0.6413854403009056,0.375
q70,3,entry,rf,S_last+M+R,0.8,1.0,0,,
q70,3,entry,rf,S_mean,0.0,0.2,106,0.03130277491471374,0.05660377358490566
q70,3,entry,rf,S_mean,0.2,0.4,13,0.28885943678949455,0.46153846153846156
q70,3,entry,rf,S_mean,0.4,0.6,6,0.49600323023639586,0.3333333333333333
q70,3,entry,rf,S_mean,0.6,0.8,5,0.6609324769442804,0.4
q70,3,entry,rf,S_mean,0.8,1.0,0,,
q70,3,entry,single_logistic,S_last,0.0,0.2,107,0.04589427166850692,0.07476635514018691
q70,3,entry,single_logistic,S_last,0.2,0.4,15,0.3052208674936681,0.26666666666666666
q70,3,entry,single_logistic,S_last,0.4,0.6,7,0.4682472747747715,0.42857142857142855
q70,3,entry,single_logistic,S_last,0.6,0.8,1,0.6196924002778369,1.0
q70,3,entry,single_logistic,S_last,0.8,1.0,0,,
q70,3,entry,transition,S_last,0.0,0.2,130,0.12875507346654852,0.12307692307692308
q70,3,entry,transition,S_last,0.2,0.4,0,,
q70,3,entry,transition,S_last,0.4,0.6,0,,
q70,3,entry,transition,S_last,0.6,0.8,0,,
q70,3,entry,transition,S_last,0.8,1.0,0,,
q70,3,state,logistic,S_last,0.0,0.2,111,0.04733729841320756,0.06306306306306306
q70,3,state,logistic,S_last,0.2,0.4,16,0.2811516752748722,0.25
q70,3,state,logistic,S_last,0.4,0.6,7,0.500507274536093,0.2857142857142857
q70,3,state,logistic,S_last,0.6,0.8,12,0.7039534266959104,0.4166666666666667
q70,3,state,logistic,S_last,0.8,1.0,14,0.9433880253615605,0.6428571428571429
q70,3,state,logistic,S_last+M,0.0,0.2,120,0.03122576944866724,0.09166666666666666
q70,3,state,logistic,S_last+M,0.2,0.4,12,0.29953425418806423,0.5
q70,3,state,logistic,S_last+M,0.4,0.6,10,0.48020007964004474,0.0
q70,3,state,logistic,S_last+M,0.6,0.8,5,0.6735328436413678,0.2
q70,3,state,logistic,S_last+M,0.8,1.0,13,0.9501395913550241,0.6923076923076923
q70,3,state,logistic,S_last+M+R,0.0,0.2,119,0.03299173279657084,0.1092436974789916
q70,3,state,logistic,S_last+M+R,0.2,0.4,7,0.2907297774378499,0.42857142857142855
q70,3,state,logistic,S_last+M+R,0.4,0.6,13,0.4907226872716741,0.07692307692307693
q70,3,state,logistic,S_last+M+R,0.6,0.8,7,0.6989858954308678,0.14285714285714285
q70,3,state,logistic,S_last+M+R,0.8,1.0,14,0.9439836468474191,0.6428571428571429
q70,3,state,logistic,S_mean,0.0,0.2,110,0.05197033536573878,0.06363636363636363
q70,3,state,logistic,S_mean,0.2,0.4,17,0.27849849683814787,0.29411764705882354
q70,3,state,logistic,S_mean,0.4,0.6,7,0.47167338715433,0.14285714285714285
q70,3,state,logistic,S_mean,0.6,0.8,9,0.698400293125952,0.3333333333333333
q70,3,state,logistic,S_mean,0.8,1.0,17,0.9328751685800709,0.6470588235294118
q70,3,state,prevalence,S_last,0.0,0.2,0,,
q70,3,state,prevalence,S_last,0.2,0.4,160,0.31655477325329723,0.16875
q70,3,state,prevalence,S_last,0.4,0.6,0,,
q70,3,state,prevalence,S_last,0.6,0.8,0,,
q70,3,state,prevalence,S_last,0.8,1.0,0,,
q70,3,state,rf,S_last,0.0,0.2,110,0.03574555659924711,0.08181818181818182
q70,3,state,rf,S_last,0.2,0.4,14,0.2809046779853146,0.14285714285714285
q70,3,state,rf,S_last,0.4,0.6,10,0.49006612711660924,0.2
q70,3,state,rf,S_last,0.6,0.8,13,0.7368526612342698,0.6153846153846154
q70,3,state,rf,S_last,0.8,1.0,13,0.8955294986561954,0.46153846153846156
q70,3,state,rf,S_last+M,0.0,0.2,112,0.040628478693342095,0.09821428571428571
q70,3,state,rf,S_last+M,0.2,0.4,14,0.28605567027755774,0.07142857142857142
q70,3,state,rf,S_last+M,0.4,0.6,11,0.4984318860553557,0.18181818181818182
q70,3,state,rf,S_last+M,0.6,0.8,18,0.7066460877539309,0.6666666666666666
q70,3,state,rf,S_last+M,0.8,1.0,5,0.8163077275407771,0.2
q70,3,state,rf,S_last+M+R,0.0,0.2,111,0.039362054303230726,0.0990990990990991
q70,3,state,rf,S_last+M+R,0.2,0.4,15,0.2797588998606027,0.06666666666666667
q70,3,state,rf,S_last+M+R,0.4,0.6,11,0.5009284409710283,0.18181818181818182
q70,3,state,rf,S_last+M+R,0.6,0.8,20,0.7133281543007646,0.65
q70,3,state,rf,S_last+M+R,0.8,1.0,3,0.8234953973972937,0.0
q70,3,state,rf,S_mean,0.0,0.2,107,0.03226684890476264,0.07476635514018691
q70,3,state,rf,S_mean,0.2,0.4,18,0.27995318607280006,0.16666666666666666
q70,3,state,rf,S_mean,0.4,0.6,8,0.48793699099747867,0.375
q70,3,state,rf,S_mean,0.6,0.8,12,0.6879162019252961,0.75
q70,3,state,rf,S_mean,0.8,1.0,15,0.8955316490455422,0.26666666666666666
q70,3,state,single_logistic,S_last,0.0,0.2,106,0.05730222577580556,0.04716981132075472
q70,3,state,single_logistic,S_last,0.2,0.4,21,0.3004059121560105,0.2857142857142857
q70,3,state,single_logistic,S_last,0.4,0.6,12,0.5035575366730236,0.25
q70,3,state,single_logistic,S_last,0.6,0.8,10,0.6984892219078269,0.3
q70,3,state,single_logistic,S_last,0.8,1.0,11,0.9491625909132909,0.9090909090909091
q70,3,state,transition,S_last,0.0,0.2,130,0.11548574639870875,0.1
q70,3,state,transition,S_last,0.2,0.4,0,,
q70,3,state,transition,S_last,0.4,0.6,0,,
q70,3,state,transition,S_last,0.6,0.8,13,0.7573657282376742,0.3076923076923077
q70,3,state,transition,S_last,0.8,1.0,17,0.8692668876528384,0.5882352941176471
q80,1,entry,logistic,S_last,0.0,0.2,143,0.01091948251526407,0.0
q80,1,entry,logistic,S_last,0.2,0.4,4,0.3051079666573504,0.25
q80,1,entry,logistic,S_last,0.4,0.6,2,0.41727422014343496,0.0
q80,1,entry,logistic,S_last,0.6,0.8,1,0.763367867876423,1.0
q80,1,entry,logistic,S_last,0.8,1.0,1,0.914107203204583,0.0
q80,1,entry,logistic,S_last+M,0.0,0.2,146,0.009813271752258169,0.00684931506849315
q80,1,entry,logistic,S_last+M,0.2,0.4,2,0.2271358264708562,0.0
q80,1,entry,logistic,S_last+M,0.4,0.6,1,0.4158958350953181,0.0
q80,1,entry,logistic,S_last+M,0.6,0.8,0,,
q80,1,entry,logistic,S_last+M,0.8,1.0,2,0.8870588100943879,0.5
q80,1,entry,logistic,S_last+M+R,0.0,0.2,147,0.009150820136312758,0.006802721088435374
q80,1,entry,logistic,S_last+M+R,0.2,0.4,1,0.2427868098281614,0.0
q80,1,entry,logistic,S_last+M+R,0.4,0.6,0,,
q80,1,entry,logistic,S_last+M+R,0.6,0.8,1,0.6924568618735529,0.0
q80,1,entry,logistic,S_last+M+R,0.8,1.0,2,0.8886645226345733,0.5
q80,1,entry,logistic,S_mean,0.0,0.2,140,0.012328514587972234,0.0
q80,1,entry,logistic,S_mean,0.2,0.4,6,0.2725090330362519,0.16666666666666666
q80,1,entry,logistic,S_mean,0.4,0.6,4,0.4892689971655433,0.0
q80,1,entry,logistic,S_mean,0.6,0.8,0,,
q80,1,entry,logistic,S_mean,0.8,1.0,1,0.8550748946703342,1.0
q80,1,entry,prevalence,S_last,0.0,0.2,151,0.04286514834611302,0.013245033112582781
q80,1,entry,prevalence,S_last,0.2,0.4,0,,
q80,1,entry,prevalence,S_last,0.4,0.6,0,,
q80,1,entry,prevalence,S_last,0.6,0.8,0,,
q80,1,entry,prevalence,S_last,0.8,1.0,0,,
q80,1,entry,rf,S_last,0.0,0.2,143,0.002607381397796861,0.0
q80,1,entry,rf,S_last,0.2,0.4,2,0.30572333372681665,0.0
q80,1,entry,rf,S_last,0.4,0.6,1,0.5813244633977992,1.0
q80,1,entry,rf,S_last,0.6,0.8,5,0.6619908052376721,0.2
q80,1,entry,rf,S_last,0.8,1.0,0,,
q80,1,entry,rf,S_last+M,0.0,0.2,143,0.0026448982709780682,0.0
q80,1,entry,rf,S_last+M,0.2,0.4,2,0.2981119867404697,0.0
q80,1,entry,rf,S_last+M,0.4,0.6,1,0.5876316423299781,1.0
q80,1,entry,rf,S_last+M,0.6,0.8,5,0.6627967048935717,0.2
q80,1,entry,rf,S_last+M,0.8,1.0,0,,
q80,1,entry,rf,S_last+M+R,0.0,0.2,143,0.00240091216772623,0.0
q80,1,entry,rf,S_last+M+R,0.2,0.4,2,0.29912213631311924,0.0
q80,1,entry,rf,S_last+M+R,0.4,0.6,1,0.5756316423299781,1.0
q80,1,entry,rf,S_last+M+R,0.6,0.8,5,0.6626522854241522,0.2
q80,1,entry,rf,S_last+M+R,0.8,1.0,0,,
q80,1,entry,rf,S_mean,0.0,0.2,142,0.0027338004935489935,0.0
q80,1,entry,rf,S_mean,0.2,0.4,2,0.27499235101199115,0.0
q80,1,entry,rf,S_mean,0.4,0.6,5,0.5228509994606355,0.2
q80,1,entry,rf,S_mean,0.6,0.8,2,0.6157142300101857,0.5
q80,1,entry,rf,S_mean,0.8,1.0,0,,
q80,1,entry,single_logistic,S_last,0.0,0.2,144,0.01860514623595001,0.0
q80,1,entry,single_logistic,S_last,0.2,0.4,4,0.2890950996861878,0.25
q80,1,entry,single_logistic,S_last,0.4,0.6,2,0.49150923279860825,0.0
q80,1,entry,single_logistic,S_last,0.6,0.8,1,0.7056838304200648,1.0
q80,1,entry,single_logistic,S_last,0.8,1.0,0,,
q80,1,entry,transition,S_last,0.0,0.2,151,0.04138975808809503,0.013245033112582781
q80,1,entry,transition,S_last,0.2,0.4,0,,
q80,1,entry,transition,S_last,0.4,0.6,0,,
q80,1,entry,transition,S_last,0.6,0.8,0,,
q80,1,entry,transition,S_last,0.8,1.0,0,,
q80,1,state,logistic,S_last,0.0,0.2,142,0.016437324705746686,0.0
q80,1,state,logistic,S_last,0.2,0.4,6,0.2800776605698018,0.16666666666666666
q80,1,state,logistic,S_last,0.4,0.6,3,0.47136685118043115,0.0
q80,1,state,logistic,S_last,0.6,0.8,2,0.7002090986743851,0.0
q80,1,state,logistic,S_last,0.8,1.0,9,0.9643873858215584,1.0
q80,1,state,logistic,S_last+M,0.0,0.2,145,0.014300098760850444,0.0
q80,1,state,logistic,S_last+M,0.2,0.4,6,0.2819777883848909,0.16666666666666666
q80,1,state,logistic,S_last+M,0.4,0.6,1,0.5616422099284828,0.0
q80,1,state,logistic,S_last+M,0.6,0.8,0,,
q80,1,state,logistic,S_last+M,0.8,1.0,10,0.9675506712364657,0.9
q80,1,state,logistic,S_last+M+R,0.0,0.2,143,0.009889933876831338,0.0
q80,1,state,logistic,S_last+M+R,0.2,0.4,6,0.28496763139792675,0.16666666666666666
q80,1,state,logistic,S_last+M+R,0.4,0.6,1,0.4486662109883059,0.0
q80,1,state,logistic,S_last+M+R,0.6,0.8,1,0.7010581019968433,1.0
q80,1,state,logistic,S_last+M+R,0.8,1.0,11,0.9799957036860145,0.7272727272727273
q80,1,state,logistic,S_mean,0.0,0.2,139,0.02005614113036066,0.0
q80,1,state,logistic,S_mean,0.2,0.4,7,0.3118234326536822,0.14285714285714285
q80,1,state,logistic,S_mean,0.4,0.6,6,0.47979782434077833,0.0
q80,1,state,logistic,S_mean,0.6,0.8,1,0.7915176512909317,0.0
q80,1,state,logistic,S_mean,0.8,1.0,9,0.9688481328934763,1.0
q80,1,state,prevalence,S_last,0.0,0.2,106,0.16305531881094054,0.018867924528301886
q80,1,state,prevalence,S_last,0.2,0.4,56,0.2305235495472792,0.14285714285714285
q80,1,state,prevalence,S_last,0.4,0.6,0,,
q80,1,state,prevalence,S_last,0.6,0.8,0,,
q80,1,state,prevalence,S_last,0.8,1.0,0,,
q80,1,state,rf,S_last,0.0,0.2,145,0.005243828349242293,0.0
q80,1,state,rf,S_last,0.2,0.4,1,0.2554276695526695,0.0
q80,1,state,rf,S_last,0.4,0.6,6,0.5097071518486959,0.16666666666666666
q80,1,state,rf,S_last,0.6,0.8,0,,
q80,1,state,rf,S_last,0.8,1.0,10,0.9462172128525068,0.9
q80,1,state,rf,S_last+M,0.0,0.2,144,0.004788692547807118,0.0
q80,1,state,rf,S_last+M,0.2,0.4,3,0.2635409583894491,0.0
q80,1,state,rf,S_last+M,0.4,0.6,4,0.48505974958456577,0.25
q80,1,state,rf,S_last+M,0.6,0.8,1,0.7897752631355569,0.0
q80,1,state,rf,S_last+M,0.8,1.0,10,0.9433536810003723,0.9
q80,1,state,rf,S_last+M+R,0.0,0.2,144,0.004782568752620823,0.0
q80,1,state,rf,S_last+M+R,0.2,0.4,4,0.294381695939939,0.0
q80,1,state,rf,S_last+M+R,0.4,0.6,3,0.5124081825037707,0.3333333333333333
q80,1,state,rf,S_last+M+R,0.6,0.8,1,0.7860470885323823,0.0
q80,1,state,rf,S_last+M+R,0.8,1.0,10,0.9429705266547177,0.9
q80,1,state,rf,S_mean,0.0,0.2,143,0.004282889961889554,0.0
q80,1,state,rf,S_mean,0.2,0.4,2,0.26546259031001684,0.0
q80,1,state,rf,S_mean,0.4,0.6,3,0.4827073399095459,0.3333333333333333
q80,1,state,rf,S_mean,0.6,0.8,5,0.7225754318436978,0.2
q80,1,state,rf,S_mean,0.8,1.0,9,0.899790918322781,0.8888888888888888
q80,1,state,single_logistic,S_last,0.0,0.2,139,0.026535120010629198,0.0
q80,1,state,single_logistic,S_last,0.2,0.4,9,0.2863042130505098,0.1111111111111111
q80,1,state,single_logistic,S_last,0.4,0.6,4,0.4526756707004213,0.0
q80,1,state,single_logistic,S_last,0.6,0.8,2,0.6709757949709028,0.5
q80,1,state,single_logistic,S_last,0.8,1.0,8,0.9466687328359559,1.0
q80,1,state,transition,S_last,0.0,0.2,151,0.04138975808809503,0.013245033112582781
q80,1,state,transition,S_last,0.2,0.4,0,,
q80,1,state,transition,S_last,0.4,0.6,0,,
q80,1,state,transition,S_last,0.6,0.8,0,,
q80,1,state,transition,S_last,0.8,1.0,11,0.8253220546076889,0.7272727272727273
q80,3,entry,logistic,S_last,0.0,0.2,129,0.021355430725402705,0.015503875968992248
q80,3,entry,logistic,S_last,0.2,0.4,5,0.28742892463816744,0.4
q80,3,entry,logistic,S_last,0.4,0.6,8,0.467761305583483,0.125
q80,3,entry,logistic,S_last,0.6,0.8,3,0.638112104973591,0.3333333333333333
q80,3,entry,logistic,S_last,0.8,1.0,4,0.9210329271795192,0.0
q80,3,entry,logistic,S_last+M,0.0,0.2,140,0.016939269919833955,0.02857142857142857
q80,3,entry,logistic,S_last+M,0.2,0.4,3,0.24514395540871484,0.3333333333333333
q80,3,entry,logistic,S_last+M,0.4,0.6,2,0.4681343336439904,0.0
q80,3,entry,logistic,S_last+M,0.6,0.8,3,0.7386337570765549,0.3333333333333333
q80,3,entry,logistic,S_last+M,0.8,1.0,1,0.9916569385097312,0.0
q80,3,entry,logistic,S_last+M+R,0.0,0.2,140,0.017690399987151568,0.02142857142857143
q80,3,entry,logistic,S_last+M+R,0.2,0.4,7,0.2856942257192655,0.42857142857142855
q80,3,entry,logistic,S_last+M+R,0.4,0.6,0,,
q80,3,entry,logistic,S_last+M+R,0.6,0.8,2,0.7557716642425324,0.0
q80,3,entry,logistic,S_last+M+R,0.8,1.0,0,,
q80,3,entry,logistic,S_mean,0.0,0.2,130,0.02807409967436201,0.023076923076923078
q80,3,entry,logistic,S_mean,0.2,0.4,5,0.2998952434169103,0.2
q80,3,entry,logistic,S_mean,0.4,0.6,6,0.5156157907023898,0.16666666666666666
q80,3,entry,logistic,S_mean,0.6,0.8,4,0.6701148422629979,0.25
q80,3,entry,logistic,S_mean,0.8,1.0,4,0.8813351317995505,0.0
q80,3,entry,prevalence,S_last,0.0,0.2,149,0.10138527243215731,0.040268456375838924
q80,3,entry,prevalence,S_last,0.2,0.4,0,,
q80,3,entry,prevalence,S_last,0.4,0.6,0,,
q80,3,entry,prevalence,S_last,0.6,0.8,0,,
q80,3,entry,prevalence,S_last,0.8,1.0,0,,
q80,3,entry,rf,S_last,0.0,0.2,125,0.013805114640777166,0.024
q80,3,entry,rf,S_last,0.2,0.4,7,0.3050088501999989,0.0
q80,3,entry,rf,S_last,0.4,0.6,5,0.4773990691068476,0.2
q80,3,entry,rf,S_last,0.6,0.8,8,0.6852559997954596,0.25
q80,3,entry,rf,S_last,0.8,1.0,4,0.8853437792696213,0.0
q80,3,entry,rf,S_last+M,0.0,0.2,129,0.014431110290211893,0.031007751937984496
q80,3,entry,rf,S_last+M,0.2,0.4,9,0.29963292479268994,0.1111111111111111
q80,3,entry,rf,S_last+M,0.4,0.6,6,0.5126091219796717,0.0
q80,3,entry,rf,S_last+M,0.6,0.8,3,0.6988283663460672,0.3333333333333333
q80,3,entry,rf,S_last+M,0.8,1.0,2,0.8732758984436622,0.0
q80,3,entry,rf,S_last+M+R,0.0,0.2,129,0.015588643060752257,0.031007751937984496
q80,3,entry,rf,S_last+M+R,0.2,0.4,8,0.2952842866681392,0.0
q80,3,entry,rf,S_last+M+R,0.4,0.6,6,0.4775432616453321,0.16666666666666666
q80,3,entry,rf,S_last+M+R,0.6,0.8,4,0.6743481589864346,0.25
q80,3,entry,rf,S_last+M+R,0.8,1.0,2,0.874026890507154,0.0
q80,3,entry,rf,S_mean,0.0,0.2,126,0.014397164837254011,0.023809523809523808
q80,3,entry,rf,S_mean,0.2,0.4,3,0.33941926614961354,0.0
q80,3,entry,rf,S_mean,0.4,0.6,10,0.51342827099586,0.3
q80,3,entry,rf,S_mean,0.6,0.8,8,0.6971268816672018,0.0
q80,3,entry,rf,S_mean,0.8,1.0,2,0.8374223024460062,0.0
q80,3,entry,single_logistic,S_last,0.0,0.2,127,0.030127391690013598,0.023622047244094488
q80,3,entry,single_logistic,S_last,0.2,0.4,9,0.285395249736258,0.1111111111111111
q80,3,entry,single_logistic,S_last,0.4,0.6,8,0.47165444999192674,0.125
q80,3,entry,single_logistic,S_last,0.6,0.8,1,0.6810074246464023,0.0
q80,3,entry,single_logistic,S_last,0.8,1.0,4,0.851584003914617,0.25
q80,3,entry,transition,S_last,0.0,0.2,149,0.11924195596007987,0.040268456375838924
q80,3,entry,transition,S_last,0.2,0.4,0,,
q80,3,entry,transition,S_last,0.4,0.6,0,,
q80,3,entry,transition,S_last,0.6,0.8,0,,
q80,3,entry,transition,S_last,0.8,1.0,0,,
q80,3,state,logistic,S_last,0.0,0.2,134,0.033402199813448344,0.014925373134328358
q80,3,state,logistic,S_last,0.2,0.4,12,0.2767462438124492,0.0
q80,3,state,logistic,S_last,0.4,0.6,4,0.456435114698402,0.0
q80,3,state,logistic,S_last,0.6,0.8,2,0.6430784905904069,0.0
q80,3,state,logistic,S_last,0.8,1.0,8,0.9620271631127842,0.75
q80,3,state,logistic,S_last+M,0.0,0.2,143,0.022472222582756454,0.013986013986013986
q80,3,state,logistic,S_last+M,0.2,0.4,4,0.25811109392488885,0.0
q80,3,state,logistic,S_last+M,0.4,0.6,5,0.4598937110530854,0.0
q80,3,state,logistic,S_last+M,0.6,0.8,1,0.6744403960203205,0.0
q80,3,state,logistic,S_last+M,0.8,1.0,7,0.9905620057034412,0.8571428571428571
q80,3,state,logistic,S_last+M+R,0.0,0.2,147,0.022616933417823604,0.013605442176870748
q80,3,state,logistic,S_last+M+R,0.2,0.4,3,0.338296611002686,0.0
q80,3,state,logistic,S_last+M+R,0.4,0.6,2,0.46362446024956705,0.0
q80,3,state,logistic,S_last+M+R,0.6,0.8,2,0.6807451531740814,0.5
q80,3,state,logistic,S_last+M+R,0.8,1.0,6,0.9826189305174985,0.8333333333333334
q80,3,state,logistic,S_mean,0.0,0.2,132,0.0353901037821811,0.015151515151515152
q80,3,state,logistic,S_mean,0.2,0.4,14,0.2915342181164999,0.0
q80,3,state,logistic,S_mean,0.4,0.6,3,0.4491110502295457,0.0
q80,3,state,logistic,S_mean,0.6,0.8,4,0.6976260591727901,0.0
q80,3,state,logistic,S_mean,0.8,1.0,7,0.9843996757208627,0.8571428571428571
q80,3,state,prevalence,S_last,0.0,0.2,102,0.16424056954527436,0.0196078431372549
q80,3,state,prevalence,S_last,0.2,0.4,58,0.23222234929629082,0.10344827586206896
q80,3,state,prevalence,S_last,0.4,0.6,0,,
q80,3,state,prevalence,S_last,0.6,0.8,0,,
q80,3,state,prevalence,S_last,0.8,1.0,0,,
q80,3,state,rf,S_last,0.0,0.2,125,0.01614179914581461,0.016
q80,3,state,rf,S_last,0.2,0.4,13,0.31421870212393255,0.0
q80,3,state,rf,S_last,0.4,0.6,11,0.5316196234418862,0.0
q80,3,state,rf,S_last,0.6,0.8,10,0.6557788632527604,0.5
q80,3,state,rf,S_last,0.8,1.0,1,0.8322689430667373,1.0
q80,3,state,rf,S_last+M,0.0,0.2,131,0.023272053546413637,0.015267175572519083
q80,3,state,rf,S_last+M,0.2,0.4,11,0.3098161036453148,0.0
q80,3,state,rf,S_last+M,0.4,0.6,12,0.48422391133512455,0.25
q80,3,state,rf,S_last+M,0.6,0.8,6,0.7131800113693495,0.5
q80,3,state,rf,S_last+M,0.8,1.0,0,,
q80,3,state,rf,S_last+M+R,0.0,0.2,131,0.023242818223234964,0.015267175572519083
q80,3,state,rf,S_last+M+R,0.2,0.4,11,0.3099377283070464,0.0
q80,3,state,rf,S_last+M+R,0.4,0.6,12,0.4879319006157241,0.25
q80,3,state,rf,S_last+M+R,0.6,0.8,6,0.7138712549705198,0.5
q80,3,state,rf,S_last+M+R,0.8,1.0,0,,
q80,3,state,rf,S_mean,0.0,0.2,125,0.016933606257004064,0.016
q80,3,state,rf,S_mean,0.2,0.4,11,0.2828535230210575,0.0
q80,3,state,rf,S_mean,0.4,0.6,14,0.5096855826200558,0.21428571428571427
q80,3,state,rf,S_mean,0.6,0.8,9,0.6748980592063022,0.2222222222222222
q80,3,state,rf,S_mean,0.8,1.0,1,0.8097144371151727,1.0
q80,3,state,single_logistic,S_last,0.0,0.2,131,0.04033111333790349,0.015267175572519083
q80,3,state,single_logistic,S_last,0.2,0.4,16,0.2728700753974235,0.0
q80,3,state,single_logistic,S_last,0.4,0.6,5,0.49932116013540906,0.0
q80,3,state,single_logistic,S_last,0.6,0.8,2,0.7607007408974871,0.0
q80,3,state,single_logistic,S_last,0.8,1.0,6,0.9794975381538092,1.0
q80,3,state,transition,S_last,0.0,0.2,149,0.09815200133459825,0.013422818791946308
q80,3,state,transition,S_last,0.2,0.4,0,,
q80,3,state,transition,S_last,0.4,0.6,7,0.5709689155349222,0.7142857142857143
q80,3,state,transition,S_last,0.6,0.8,4,0.617558928057929,0.25
q80,3,state,transition,S_last,0.8,1.0,0,,
