scenario,horizon,model,contrast,n,block_months,model_rmse,benchmark_rmse,mse_gain,lower_95,upper_95,paired_loss_gain,p_value,valid_draws,invalid_draws,holm_p
annual,1,rf,regime,162,12,0.42864460032439267,0.42912764517736945,0.0022500204318771644,0.0001408086202586564,0.004297435605944141,0.0004143424682159697,0.0647870425914817,5000,0,
annual,1,rf,regime,162,6,0.42864460032439267,0.42912764517736945,0.0022500204318771644,0.0002530673376199667,0.004134316527352193,0.0004143424682159697,0.057788442311537694,5000,0,
annual,1,rf,regime,162,24,0.42864460032439267,0.42912764517736945,0.0022500204318771644,9.267883811775251e-05,0.004832453141434367,0.0004143424682159697,0.057388522295540895,5000,0,
annual,1,ridge,regime,162,12,0.5212583114853055,0.5886500579874201,0.2158636198631727,-0.006323722507340235,0.2941936530323128,0.07479866347608122,0.11697660467906419,5000,0,
annual,1,ridge,regime,162,6,0.5212583114853055,0.5886500579874201,0.2158636198631727,0.015446814822456096,0.29565100408733447,0.07479866347608122,0.10497900419916016,5000,0,
annual,1,ridge,regime,162,24,0.5212583114853055,0.5886500579874201,0.2158636198631727,-0.05578239017058771,0.3010419962284705,0.07479866347608122,0.14577084583083383,5000,0,
annual,3,rf,regime,160,12,1.3251283650204724,1.325950380840195,0.0012395049308779882,-0.0033969964484301504,0.009544309063945757,0.002179228668427783,0.6216756648670266,5000,0,
annual,3,rf,regime,160,6,1.3251283650204724,1.325950380840195,0.0012395049308779882,-0.004122091005373607,0.009111994876544592,0.002179228668427783,0.6646670665866826,5000,0,
annual,3,rf,regime,160,24,1.3251283650204724,1.325950380840195,0.0012395049308779882,-0.0028436332323290544,0.006642319805152072,0.002179228668427783,0.523495300939812,5000,0,
annual,3,ridge,regime,160,12,1.1833371616988866,1.4545729250852937,0.33817067295311,-0.08485186175708215,0.5863577384000626,0.7154955561336102,0.35852829434113176,5000,0,
annual,3,ridge,regime,160,6,1.1833371616988866,1.4545729250852937,0.33817067295311,-0.06382879863444282,0.6111088405765551,0.7154955561336102,0.3131373725254949,5000,0,
annual,3,ridge,regime,160,24,1.1833371616988866,1.4545729250852937,0.33817067295311,-0.10140626114739795,0.5823823747305805,0.7154955561336102,0.4495100979804039,5000,0,
delay,1,rf,regime,162,12,0.48219674383603894,0.48250133059338746,0.0012621338031096885,-0.0002912155065942723,0.0036083165332465566,0.0002938342583107718,0.15496900619876025,5000,0,
delay,1,rf,regime,162,6,0.48219674383603894,0.48250133059338746,0.0012621338031096885,-0.0006499378844331935,0.003921340329927408,0.0002938342583107718,0.19816036792641473,5000,0,
delay,1,rf,regime,162,24,0.48219674383603894,0.48250133059338746,0.0012621338031096885,-5.658222124608194e-05,0.00298521746702412,0.0002938342583107718,0.09678064387122576,5000,0,
delay,1,ridge,regime,162,12,0.6026419064796146,0.6670104350789763,0.18369322675210642,-0.17710596228819722,0.29634799999758044,0.08172565305886069,0.45350929814037194,5000,0,
delay,1,ridge,regime,162,6,0.6026419064796146,0.6670104350789763,0.18369322675210642,-0.18692592864357546,0.3008865051429908,0.08172565305886069,0.4589082183563287,5000,0,
delay,1,ridge,regime,162,24,0.6026419064796146,0.6670104350789763,0.18369322675210642,-0.16647357548551822,0.29336774304894603,0.08172565305886069,0.5072985402919417,5000,0,
delay,3,rf,regime,160,12,1.339299178442552,1.3398282190215756,0.0007895581296478715,-0.0011853721306414212,0.0027754980336752396,0.0014173671096322986,0.41091781643671266,5000,0,
delay,3,rf,regime,160,6,1.339299178442552,1.3398282190215756,0.0007895581296478715,-0.001316691083637433,0.0029353741968263583,0.0014173671096322986,0.4359128174365127,5000,0,
delay,3,rf,regime,160,24,1.339299178442552,1.3398282190215756,0.0007895581296478715,-0.0008573244267931157,0.0025603774672776683,0.0014173671096322986,0.34233153369326136,5000,0,
delay,3,ridge,regime,160,12,1.2192122207549743,1.571861235074864,0.39836899827101413,-0.11846540895702351,0.6287413611414889,0.9842693030928015,0.383123375324935,5000,0,
delay,3,ridge,regime,160,6,1.2192122207549743,1.571861235074864,0.39836899827101413,-0.10302153019274879,0.6435576740109203,0.9842693030928015,0.3261347730453909,5000,0,
delay,3,ridge,regime,160,24,1.2192122207549743,1.571861235074864,0.39836899827101413,-0.13657339892046214,0.6264339399049982,0.9842693030928015,0.471505698860228,5000,0,
five_macro,1,rf,regime,162,12,0.43588075574095186,0.43589246191491954,5.371057222602893e-05,-0.0011829016838305283,0.001549748662589413,1.0205128946216265e-05,0.9310137972405519,5000,0,
five_macro,1,rf,regime,162,6,0.43588075574095186,0.43589246191491954,5.371057222602893e-05,-0.0011879713037176887,0.0014636063903200377,1.0205128946216265e-05,0.9266146770645871,5000,0,
five_macro,1,rf,regime,162,24,0.43588075574095186,0.43589246191491954,5.371057222602893e-05,-0.0011506037664795296,0.00183057279194417,1.0205128946216265e-05,0.9332133573285343,5000,0,
five_macro,1,ridge,regime,162,12,0.5846350292018446,0.6254682719798572,0.12630651375545354,-0.15328017428158022,0.2040082296142239,0.049412441883626854,0.5760847830433913,5000,0,
five_macro,1,ridge,regime,162,6,0.5846350292018446,0.6254682719798572,0.12630651375545354,-0.1815120202940574,0.2131686588217346,0.049412441883626854,0.5856828634273146,5000,0,
five_macro,1,ridge,regime,162,24,0.5846350292018446,0.6254682719798572,0.12630651375545354,-0.12503570453764346,0.1973420811626379,0.049412441883626854,0.5924815036992601,5000,0,
five_macro,3,rf,regime,160,12,1.2938017089852143,1.293869856896866,0.00010533689554459436,-0.00276312419093616,0.004512344618732944,0.00017634441325532573,0.9410117976404719,5000,0,
five_macro,3,rf,regime,160,6,1.2938017089852143,1.293869856896866,0.00010533689554459436,-0.002811836892163549,0.0039062100050576976,0.00017634441325532573,0.9482103579284143,5000,0,
five_macro,3,rf,regime,160,24,1.2938017089852143,1.293869856896866,0.00010533689554459436,-0.0024196953602264645,0.005170112624419644,0.00017634441325532573,0.9410117976404719,5000,0,
five_macro,3,ridge,regime,160,12,1.2184869784531493,1.4413942417377938,0.28537826783571096,-0.14011499204499464,0.5432637810179014,0.592906843454984,0.5688862227554489,5000,0,
five_macro,3,ridge,regime,160,6,1.2184869784531493,1.4413942417377938,0.28537826783571096,-0.1453666846444755,0.569445002890602,0.592906843454984,0.556488702259548,5000,0,
five_macro,3,ridge,regime,160,24,1.2184869784531493,1.4413942417377938,0.28537826783571096,-0.13191198413663713,0.5319696701525412,0.592906843454984,0.5688862227554489,5000,0,
legacy,1,rf,regime,162,12,0.4336983741623655,0.43432831162490876,0.0028986396879133736,0.0008087389217501299,0.004224518306268843,0.0005468025278647195,0.04299140171965607,5000,0,
legacy,1,rf,regime,162,6,0.4336983741623655,0.43432831162490876,0.0028986396879133736,0.0005943853721069231,0.004354385360979207,0.0005468025278647195,0.047590481903619274,5000,0,
legacy,1,rf,regime,162,24,0.4336983741623655,0.43432831162490876,0.0028986396879133736,0.000996975369385972,0.004222701824060223,0.0005468025278647195,0.027594481103779243,5000,0,
legacy,1,ridge,regime,162,12,0.4790480612728454,0.6190352601439244,0.40113711294434384,-0.04124193525921466,0.5535713957196293,0.15371760829218442,0.23255348930213957,5000,0,
legacy,1,ridge,regime,162,6,0.4790480612728454,0.6190352601439244,0.40113711294434384,-0.03948223869851867,0.5673389770814482,0.15371760829218442,0.2443511297740452,5000,0,
legacy,1,ridge,regime,162,24,0.4790480612728454,0.6190352601439244,0.40113711294434384,-0.03545106617312129,0.5450619363710295,0.15371760829218442,0.24755048990201958,5000,0,
legacy,3,rf,regime,160,12,1.2877574472423303,1.2880758790442113,0.0004943690763670183,-0.0009169352290555208,0.002550046719815196,0.00082022724743429,0.47910417916416714,5000,0,
legacy,3,rf,regime,160,6,1.2877574472423303,1.2880758790442113,0.0004943690763670183,-0.001150403130005578,0.0026772228168171685,0.00082022724743429,0.5424915016996601,5000,0,
legacy,3,rf,regime,160,24,1.2877574472423303,1.2880758790442113,0.0004943690763670183,-0.0005802356826170463,0.0021904967241216135,0.00082022724743429,0.3893221355728854,5000,0,
legacy,3,ridge,regime,160,12,1.1572826281851507,1.450989693011708,0.36386364933349336,-0.11595993015579899,0.6253239590431843,0.7660680077270812,0.39852029594081184,5000,0,
legacy,3,ridge,regime,160,6,1.1572826281851507,1.450989693011708,0.36386364933349336,-0.09845905855880253,0.647712629504859,0.7660680077270812,0.34953009398120377,5000,0,
legacy,3,ridge,regime,160,24,1.1572826281851507,1.450989693011708,0.36386364933349336,-0.13758112544887316,0.6231005561861785,0.7660680077270812,0.4771045790841832,5000,0,
rolling120,1,rf,regime,162,12,0.42555715923580156,0.42528418805187723,-0.0012841238667424815,-0.0038326007851791563,0.0019980108938678323,-0.0002322551699009556,0.33993201359728054,5000,0,
rolling120,1,rf,regime,162,6,0.42555715923580156,0.42528418805187723,-0.0012841238667424815,-0.003896262266178829,0.001745401167137763,-0.0002322551699009556,0.3307338532293541,5000,0,
rolling120,1,rf,regime,162,24,0.42555715923580156,0.42528418805187723,-0.0012841238667424815,-0.003731228022146531,0.002109635779426687,-0.0002322551699009556,0.3687262547490502,5000,0,
rolling120,1,ridge,regime,162,12,0.4661132413536424,0.4744803735786779,0.034957643775109015,-0.03897118340615977,0.08320802293962282,0.007870071146162826,0.3043391321735653,5000,0,
rolling120,1,ridge,regime,162,6,0.4661132413536424,0.4744803735786779,0.034957643775109015,-0.0609392369888408,0.09617172405710137,0.007870071146162826,0.3993201359728054,5000,0,
rolling120,1,ridge,regime,162,24,0.4661132413536424,0.4744803735786779,0.034957643775109015,-0.03091845575934377,0.07704076584998354,0.007870071146162826,0.2529494101179764,5000,0,
rolling120,3,rf,regime,160,12,1.120481720559926,1.1174426767779575,-0.005446679996063519,-0.022018651661155936,0.0020761101947717464,-0.00680115022424538,0.3033393321335733,5000,0,
rolling120,3,rf,regime,160,6,1.120481720559926,1.1174426767779575,-0.005446679996063519,-0.02131584025434577,0.001932376578471151,-0.00680115022424538,0.28094381123775247,5000,0,
rolling120,3,rf,regime,160,24,1.120481720559926,1.1174426767779575,-0.005446679996063519,-0.022509843934076363,0.0018996510188982148,-0.00680115022424538,0.29414117176564686,5000,0,
rolling120,3,ridge,regime,160,12,1.3603443375723685,1.304207475442482,-0.087938475541534,-0.34314194683669685,0.03846682332853299,-0.14957957776515365,0.20555888822235552,5000,0,
rolling120,3,ridge,regime,160,6,1.3603443375723685,1.304207475442482,-0.087938475541534,-0.3671771558451373,0.04584371912302601,-0.14957957776515365,0.2695460907818436,5000,0,
rolling120,3,ridge,regime,160,24,1.3603443375723685,1.304207475442482,-0.087938475541534,-0.29581711389351373,0.028497617593185122,-0.14957957776515365,0.16096780643871225,5000,0,
seed0,1,rf,regime,162,12,0.44020161955468884,0.4405594334266602,0.001623701775843145,-0.0011958474707197185,0.003600315634103229,0.0003151485226488552,0.22535492901419715,5000,0,
seed0,1,rf,regime,162,6,0.44020161955468884,0.4405594334266602,0.001623701775843145,-0.001210710902348982,0.003884991158626372,0.0003151485226488552,0.23155368926214756,5000,0,
seed0,1,rf,regime,162,24,0.44020161955468884,0.4405594334266602,0.001623701775843145,-0.0015314278798720603,0.0037901814353689194,0.0003151485226488552,0.2559488102379524,5000,0,
seed0,3,rf,regime,160,12,1.2979323557795908,1.297955463461305,3.5605961329454594e-05,-0.0033903037523180897,0.0023057374760124855,5.998494949316837e-05,0.9746050789842031,5000,0,
seed0,3,rf,regime,160,6,1.2979323557795908,1.297955463461305,3.5605961329454594e-05,-0.0031535824403817856,0.0025188334988746654,5.998494949316837e-05,0.976004799040192,5000,0,
seed0,3,rf,regime,160,24,1.2979323557795908,1.297955463461305,3.5605961329454594e-05,-0.004379987795338217,0.0018329313657716169,5.998494949316837e-05,0.9746050789842031,5000,0,
seed1,1,rf,regime,162,12,0.4355518250828628,0.435562146789451,4.739431268463434e-05,-0.0014075946070583431,0.002297832774799824,8.991382822563118e-06,0.9536092781443711,5000,0,
seed1,1,rf,regime,162,6,0.4355518250828628,0.435562146789451,4.739431268463434e-05,-0.0015709635236481776,0.0025557897035164414,8.991382822563118e-06,0.9568086382723455,5000,0,
seed1,1,rf,regime,162,24,0.4355518250828628,0.435562146789451,4.739431268463434e-05,-0.0014963325313312402,0.002532734752165528,8.991382822563118e-06,0.9648070385922816,5000,0,
seed1,3,rf,regime,160,12,1.2766764510085955,1.2767872797164264,0.00017359806049199733,-0.0027120958248652073,0.0021988020949320892,0.0002829970857689556,0.8804239152169566,5000,0,
seed1,3,rf,regime,160,6,1.2766764510085955,1.2767872797164264,0.00017359806049199733,-0.0021089795377475123,0.002431806317598664,0.0002829970857689556,0.8682263547290542,5000,0,
seed1,3,rf,regime,160,24,1.2766764510085955,1.2767872797164264,0.00017359806049199733,-0.0030962583458121304,0.0021420041837771804,0.0002829970857689556,0.902619476104779,5000,0,
seed2,1,rf,regime,162,12,0.4311792403581005,0.43130213113446864,0.0005697781665505719,-0.0011254051028359519,0.001683085425754501,0.00010599100534575805,0.4311137772445511,5000,0,
seed2,1,rf,regime,162,6,0.4311792403581005,0.43130213113446864,0.0005697781665505719,-0.0011726990230624735,0.001708362545604833,0.00010599100534575805,0.4521095780843831,5000,0,
seed2,1,rf,regime,162,24,0.4311792403581005,0.43130213113446864,0.0005697781665505719,-0.0013237645723521482,0.001673620298868311,0.00010599100534575805,0.4699060187962408,5000,0,
seed2,3,rf,regime,160,12,1.2516015826134612,1.2541389805891128,0.004042344841877155,0.0003039439728627599,0.01024065336645788,0.006358061032578373,0.052789442111577684,5000,0,
seed2,3,rf,regime,160,6,1.2516015826134612,1.2541389805891128,0.004042344841877155,0.0005418755028293427,0.009200883477462245,0.006358061032578373,0.04079184163167367,5000,0,
seed2,3,rf,regime,160,24,1.2516015826134612,1.2541389805891128,0.004042344841877155,0.0007455831972131014,0.012009369860340822,0.006358061032578373,0.018196360727854428,5000,0,
seed3,1,rf,regime,162,12,0.43966698543939153,0.4399989851184906,0.0015085235908780525,-0.00019578050085899967,0.0028275258415793253,0.00029204881993958833,0.10557888422315537,5000,0,
seed3,1,rf,regime,162,6,0.43966698543939153,0.4399989851184906,0.0015085235908780525,-8.078649101961311e-05,0.002920352376748755,0.00029204881993958833,0.08258348330333934,5000,0,
seed3,1,rf,regime,162,24,0.43966698543939153,0.4399989851184906,0.0015085235908780525,-7.161033325573934e-05,0.002766323333043974,0.00029204881993958833,0.09998000399920016,5000,0,
seed3,3,rf,regime,160,12,1.2871322683820052,1.286506125189664,-0.0009736379053082445,-0.0035203541948258974,0.001858973635098589,-0.0016114661596830753,0.46510697860427913,5000,0,
seed3,3,rf,regime,160,6,1.2871322683820052,1.286506125189664,-0.0009736379053082445,-0.0034856656635482482,0.002050572583934945,-0.0016114661596830753,0.4875024995001,5000,0,
seed3,3,rf,regime,160,24,1.2871322683820052,1.286506125189664,-0.0009736379053082445,-0.0034077771821677755,0.0013060627313810536,-0.0016114661596830753,0.3343331333733253,5000,0,
seed4,1,rf,regime,162,12,0.43880097596957923,0.43864723055899424,-0.0007011208263847379,-0.0022087703700112093,0.0016455560243841495,-0.00013490363477985123,0.4387122575484903,5000,0,
seed4,1,rf,regime,162,6,0.43880097596957923,0.43864723055899424,-0.0007011208263847379,-0.002263565493087516,0.0017136092052683102,-0.00013490363477985123,0.45650869826034796,5000,0,
seed4,1,rf,regime,162,24,0.43880097596957923,0.43864723055899424,-0.0007011208263847379,-0.0023090591495691032,0.0018861978037281312,-0.00013490363477985123,0.46330733853229356,5000,0,
seed4,3,rf,regime,160,12,1.2799353283785284,1.2808049794441323,0.0013575147478137595,-0.0004242933711971482,0.0028786003101120756,0.002226950537432747,0.1251749650069986,5000,0,
seed4,3,rf,regime,160,6,1.2799353283785284,1.2808049794441323,0.0013575147478137595,-0.00043954225182008514,0.0028766505904416722,0.002226950537432747,0.13857228554289142,5000,0,
seed4,3,rf,regime,160,24,1.2799353283785284,1.2808049794441323,0.0013575147478137595,-0.0005186086677850134,0.002983127448626124,0.002226950537432747,0.13917216556688664,5000,0,
