scenario,horizon,task,model,feature_block,events,warned,missed,false_alarm_episodes,at_risk_years,false_episodes_per_year,calibration_unavailable
q70,1,entry,logistic,S_last,6,0,6,6,11.0,0.5454545454545454,45
q70,1,entry,logistic,S_last+M,6,0,6,4,11.0,0.36363636363636365,45
q70,1,entry,logistic,S_last+M+R,6,0,6,7,11.0,0.6363636363636364,45
q70,1,entry,logistic,S_mean,6,0,6,4,11.0,0.36363636363636365,45
q70,1,entry,prevalence,S_last,6,0,6,3,11.0,0.2727272727272727,45
q70,1,entry,rf,S_last,6,0,6,2,11.0,0.18181818181818182,45
q70,1,entry,rf,S_last+M,6,0,6,4,11.0,0.36363636363636365,45
q70,1,entry,rf,S_last+M+R,6,0,6,4,11.0,0.36363636363636365,45
q70,1,entry,rf,S_mean,6,0,6,3,11.0,0.2727272727272727,45
q70,1,entry,single_logistic,S_last,6,0,6,5,11.0,0.45454545454545453,45
q70,1,entry,transition,S_last,6,0,6,3,11.0,0.2727272727272727,45
q70,3,entry,logistic,S_last,6,0,6,2,10.833333333333334,0.1846153846153846,48
q70,3,entry,logistic,S_last+M,6,0,6,6,10.833333333333334,0.5538461538461538,48
q70,3,entry,logistic,S_last+M+R,6,0,6,6,10.833333333333334,0.5538461538461538,48
q70,3,entry,logistic,S_mean,6,0,6,4,10.833333333333334,0.3692307692307692,48
q70,3,entry,prevalence,S_last,6,0,6,3,10.833333333333334,0.2769230769230769,48
q70,3,entry,rf,S_last,6,0,6,2,10.833333333333334,0.1846153846153846,48
q70,3,entry,rf,S_last+M,6,0,6,4,10.833333333333334,0.3692307692307692,48
q70,3,entry,rf,S_last+M+R,6,0,6,3,10.833333333333334,0.2769230769230769,48
q70,3,entry,rf,S_mean,6,0,6,2,10.833333333333334,0.1846153846153846,48
q70,3,entry,single_logistic,S_last,6,0,6,3,10.833333333333334,0.2769230769230769,48
q70,3,entry,transition,S_last,6,0,6,3,10.833333333333334,0.2769230769230769,48
q80,1,entry,logistic,S_last,2,0,2,0,12.583333333333334,0.0,90
q80,1,entry,logistic,S_last+M,2,0,2,0,12.583333333333334,0.0,90
q80,1,entry,logistic,S_last+M+R,2,0,2,0,12.583333333333334,0.0,90
q80,1,entry,logistic,S_mean,2,0,2,0,12.583333333333334,0.0,90
q80,1,entry,prevalence,S_last,2,0,2,2,12.583333333333334,0.15894039735099336,90
q80,1,entry,rf,S_last,2,0,2,0,12.583333333333334,0.0,90
q80,1,entry,rf,S_last+M,2,0,2,0,12.583333333333334,0.0,90
q80,1,entry,rf,S_last+M+R,2,0,2,0,12.583333333333334,0.0,90
q80,1,entry,rf,S_mean,2,0,2,0,12.583333333333334,0.0,90
q80,1,entry,single_logistic,S_last,2,0,2,0,12.583333333333334,0.0,90
q80,1,entry,transition,S_last,2,0,2,2,12.583333333333334,0.15894039735099336,90
q80,3,entry,logistic,S_last,2,0,2,2,12.416666666666666,0.16107382550335572,90
q80,3,entry,logistic,S_last+M,2,0,2,1,12.416666666666666,0.08053691275167786,90
q80,3,entry,logistic,S_last+M+R,2,0,2,1,12.416666666666666,0.08053691275167786,90
q80,3,entry,logistic,S_mean,2,0,2,1,12.416666666666666,0.08053691275167786,90
q80,3,entry,prevalence,S_last,2,0,2,2,12.416666666666666,0.16107382550335572,90
q80,3,entry,rf,S_last,2,0,2,2,12.416666666666666,0.16107382550335572,90
q80,3,entry,rf,S_last+M,2,0,2,2,12.416666666666666,0.16107382550335572,90
q80,3,entry,rf,S_last+M+R,2,0,2,2,12.416666666666666,0.16107382550335572,90
q80,3,entry,rf,S_mean,2,0,2,2,12.416666666666666,0.16107382550335572,90
q80,3,entry,single_logistic,S_last,2,0,2,2,12.416666666666666,0.16107382550335572,90
q80,3,entry,transition,S_last,2,0,2,2,12.416666666666666,0.16107382550335572,90
