scenario,horizon,task,model,feature_block,risk_set,requested,excluded,n,mse,rmse,mae,rmse_bps,mae_bps,r2_vs_mean_persistence,r2_vs_endpoint_persistence,prevalence,auc,average_precision,brier,log_loss
annual,1,level,ar1,S_last,all,163,1,162,0.39703187027812614,0.6301046502590868,0.39486016066362817,63.01046502590868,39.486016066362815,-0.057031033195043435,-1.2143391465656106,,,,,
annual,1,level,endpoint_persistence,S_last,all,163,1,162,0.1793003889643163,0.4234387664873356,0.28251704356656043,42.343876648733556,28.25170435665604,0.522642665269015,0.0,,,,,
annual,1,level,mean_persistence,S_last,all,163,1,162,0.37561041994957756,0.6128706388379015,0.3768982265721396,61.28706388379015,37.68982265721396,0.0,-1.094866732410325,,,,,
annual,1,level,rf,S_last+M,all,163,1,162,0.18415053585547428,0.42912764517736945,0.2886743299705528,42.912764517736946,28.867432997055282,0.5097299593547089,-0.027050398045278312,,,,,
annual,1,level,rf,S_last+M+R,all,163,1,162,0.18373619338725833,0.42864460032439267,0.28831395829289075,42.86446003243927,28.831395829289075,0.510833076963298,-0.024739513665108737,,,,,
annual,1,level,ridge,S_last+M,all,163,1,162,0.34650889076859304,0.5886500579874201,0.3460709524851076,58.86500579874201,34.60709524851076,0.07747796023574416,-0.9325607310174544,,,,,
annual,1,level,ridge,S_last+M+R,all,163,1,162,0.2717102272925118,0.5212583114853055,0.31986427851581767,52.12583114853055,31.986427851581766,0.2766169071428142,-0.5153911760146075,,,,,
annual,1,level,training_mean,S_last,all,163,1,162,5.30806457780478,2.3039237352405526,1.671636282554472,230.39237352405527,167.1636282554472,-13.131835263029554,-28.604311560423728,,,,,
annual,3,level,ar1,S_last,all,163,3,160,1.9863933052480056,1.409394659152647,0.9310122266269467,140.9394659152647,93.10122266269467,-0.16675939241197035,-0.42554641926517633,,,,,
annual,3,level,endpoint_persistence,S_last,all,163,3,160,1.3934259020985988,1.1804346242374453,0.7529001535149634,118.04346242374453,75.29001535149634,0.1815353210220979,0.0,,,,,
annual,3,level,mean_persistence,S_last,all,163,3,160,1.7024875207060954,1.304794052985411,0.8260670442781854,130.4794052985411,82.60670442781854,0.0,-0.2217998231136853,,,,,
annual,3,level,rf,S_last+M,all,163,3,160,1.758144412450258,1.325950380840195,0.8670274407526474,132.59503808401948,86.70274407526473,-0.032691512311984194,-0.2617423070737863,,,,,
annual,3,level,rf,S_last+M+R,all,163,3,160,1.7559651837818304,1.3251283650204724,0.8668163250338295,132.51283650204724,86.68163250338296,-0.03141148609039757,-0.26017837126267107,,,,,
annual,3,level,ridge,S_last+M,all,163,3,160,2.115782394391187,1.4545729250852937,0.8338276846688455,145.45729250852938,83.38276846688456,-0.24275941447939675,-0.5184032327837942,,,,,
annual,3,level,ridge,S_last+M+R,all,163,3,160,1.400286838257577,1.1833371616988866,0.7624991133147132,118.33371616988866,76.24991133147132,0.17750537303391367,-0.004923789739120776,,,,,
annual,3,level,training_mean,S_last,all,163,3,160,3.786069437403134,1.945782474328293,1.5735227821452933,194.5782474328293,157.35227821452932,-1.2238456325558773,-1.7170942004889125,,,,,
delay,1,level,ar1,S_last,all,163,1,162,1.1436392052547215,1.0694106812888684,0.6639051187049032,106.94106812888684,66.39051187049031,-0.047950167766888985,-4.061187449573185,,,,,
delay,1,level,endpoint_persistence,S_last,all,163,1,162,0.22596262569788156,0.4753552626172151,0.3050781573498965,47.535526261721515,30.507815734989652,0.7929438144293068,0.0,,,,,
delay,1,level,mean_persistence,S_last,all,163,1,162,1.0913106752888255,1.04465816193089,0.631501741593529,104.46581619308898,63.1501741593529,0.0,-3.8296069844220115,,,,,
delay,1,level,rf,S_last+M,all,163,1,162,0.23280753402438936,0.48250133059338746,0.3247728544434445,48.250133059338744,32.47728544434445,0.7866716240425535,-0.030292214499488157,,,,,
delay,1,level,rf,S_last+M+R,all,163,1,162,0.23251369976607858,0.48219674383603894,0.3245990135800954,48.219674383603895,32.45990135800954,0.7869408729970119,-0.028991847868487852,,,,,
delay,1,level,ridge,S_last+M,all,163,1,162,0.44490292050424524,0.6670104350789763,0.3548323001210048,66.70104350789762,35.48323001210048,0.5923223967487558,-0.9689226000546349,,,,,
delay,1,level,ridge,S_last+M+R,all,163,1,162,0.36317726744538453,0.6026419064796146,0.34206282290774886,60.264190647961456,34.20628229077489,0.6672100111645418,-0.6072448544254518,,,,,
delay,1,level,training_mean,S_last,all,163,1,162,5.173189206027468,2.2744645976641333,1.6451714262870194,227.44645976641334,164.51714262870195,-3.7403450943594363,-21.894003776288955,,,,,
delay,3,level,ar1,S_last,all,163,3,160,2.494964472736375,1.579545653894301,1.0990257164474975,157.9545653894301,109.90257164474974,0.015351158244967467,-0.7031733505988329,,,,,
delay,3,level,endpoint_persistence,S_last,all,163,3,160,1.4648916810841066,1.2103270967321629,0.7572612207086392,121.03270967321629,75.72612207086392,0.4218739734221232,0.0,,,,,
delay,3,level,mean_persistence,S_last,all,163,3,160,2.5338621922200857,1.5918109787974468,1.0309799842367777,159.18109787974467,103.09799842367778,0.0,-0.72972665825017,,,,,
delay,3,level,rf,S_last+M,all,163,3,160,1.795139656486527,1.3398282190215756,0.8932681118456038,133.98282190215755,89.32681118456038,0.29154013900271136,-0.22544190786722007,,,,,
delay,3,level,rf,S_last+M+R,all,163,3,160,1.7937222893768947,1.339299178442552,0.893110485515404,133.92991784425521,89.3110485515404,0.292099509245491,-0.22447435024645235,,,,,
delay,3,level,ridge,S_last+M,all,163,3,160,2.470747742331077,1.571861235074864,0.8950236012752988,157.1861235074864,89.50236012752988,0.024908398760909,-0.6866419368991004,,,,,
delay,3,level,ridge,S_last+M+R,all,163,3,160,1.486478439238276,1.2192122207549743,0.8101097185494022,121.92122207549743,81.01097185494022,0.4133546631690048,-0.014736078054722768,,,,,
delay,3,level,training_mean,S_last,all,163,3,160,3.7068589244073538,1.9253204731699483,1.5503679925597258,192.53204731699483,155.03679925597257,-0.4629283848935475,-1.5304662264612348,,,,,
five_macro,1,level,ar1,S_last,all,163,1,162,0.37626278445115807,0.6134026283373409,0.38446052471992576,61.340262833734094,38.44605247199257,-0.0017368115124922756,-1.0985051210683126,,,,,
five_macro,1,level,endpoint_persistence,S_last,all,163,1,162,0.1793003889643163,0.4234387664873356,0.28251704356656043,42.343876648733556,28.25170435665604,0.522642665269015,0.0,,,,,
five_macro,1,level,mean_persistence,S_last,all,163,1,162,0.37561041994957756,0.6128706388379015,0.3768982265721396,61.28706388379015,37.68982265721396,0.0,-1.094866732410325,,,,,
five_macro,1,level,rf,S_last+M,all,163,1,162,0.1900022383542496,0.43589246191491954,0.29546040541256763,43.58924619149195,29.54604054125676,0.4941507789380397,-0.0596867048183769,,,,,
five_macro,1,level,rf,S_last+M+R,all,163,1,162,0.18999203322530336,0.43588075574095186,0.295474788052191,43.588075574095186,29.5474788052191,0.49417794838916307,-0.05962978843908062,,,,,
five_macro,1,level,ridge,S_last+M,all,163,1,162,0.39121055925346865,0.6254682719798572,0.3360587876626701,62.54682719798572,33.60587876626701,-0.04153276500152803,-1.181872340117042,,,,,
five_macro,1,level,ridge,S_last+M+R,all,163,1,162,0.3417981173698417,0.5846350292018446,0.3321147941663664,58.46350292018446,33.21147941663664,0.09001960750789295,-0.9062876513774052,,,,,
five_macro,1,level,training_mean,S_last,all,163,1,162,5.100444491721364,2.2584163681042884,1.6308054001484287,225.84163681042884,163.08054001484288,-12.57908146532797,-27.44636601840521,,,,,
five_macro,3,level,ar1,S_last,all,163,3,160,1.6441049985818783,1.2822265784883256,0.8748116784577096,128.22265784883257,87.48116784577095,0.034292481685858967,-0.17990127505577358,,,,,
five_macro,3,level,endpoint_persistence,S_last,all,163,3,160,1.3934259020985988,1.1804346242374453,0.7529001535149634,118.04346242374453,75.29001535149634,0.1815353210220979,0.0,,,,,
five_macro,3,level,mean_persistence,S_last,all,163,3,160,1.7024875207060954,1.304794052985411,0.8260670442781854,130.4794052985411,82.60670442781854,0.0,-0.2217998231136853,,,,,
five_macro,3,level,rf,S_last+M,all,163,3,160,1.6740992065863165,1.293869856896866,0.8706452487804048,129.3869856896866,87.06452487804049,0.01667460922591968,-0.20142678851096685,,,,,
five_macro,3,level,rf,S_last+M+R,all,163,3,160,1.673922862173061,1.2938017089852143,0.8701508394243109,129.38017089852144,87.01508394243109,0.016778189669893973,-0.2013002339428409,,,,,
five_macro,3,level,ridge,S_last+M,all,163,3,160,2.0776173601148695,1.4413942417377938,0.8407901880093396,144.1394241737794,84.07901880093395,-0.22034219625480223,-0.4910138795222836,,,,,
five_macro,3,level,ridge,S_last+M+R,all,163,3,160,1.4847105166598855,1.2184869784531493,0.8052725150235684,121.84869784531493,80.52725150235685,0.12791694587922053,-0.06551092126521074,,,,,
five_macro,3,level,training_mean,S_last,all,163,3,160,3.6432863103186057,1.9087394558500135,1.5361714551912808,190.87394558500134,153.6171455191281,-1.139978276497191,-1.6146250796913968,,,,,
legacy,1,level,ar1,S_last,all,163,1,162,0.37697493891255696,0.6139828490377862,0.3846468150731811,61.398284903778624,38.46468150731811,-0.0030726049535385602,-1.11148681774946,,,,,
legacy,1,level,endpoint_persistence,S_last,all,163,1,162,0.17853530305927168,0.42253438091979173,0.28199901127678906,42.25343809197917,28.199901127678906,0.5249448888235688,0.0,,,,,
legacy,1,level,mean_persistence,S_last,all,163,1,162,0.37582019192919547,0.6130417538220341,0.37694227529493224,61.30417538220341,37.694227529493226,0.0,-1.1050189261696186,,,,,
legacy,1,level,rf,S_last+M,all,163,1,162,0.18864108227894386,0.43432831162490876,0.29426750138165503,43.43283116249088,29.426750138165502,0.4980549573172379,-0.05660381474423115,,,,,
legacy,1,level,rf,S_last+M+R,all,163,1,162,0.18809427975107917,0.4336983741623655,0.29390760120455994,43.36983741623655,29.390760120455994,0.4995099151391096,-0.05354110099241294,,,,,
legacy,1,level,ridge,S_last+M,all,163,1,162,0.38320465330145614,0.6190352601439244,0.3371842689062999,61.90352601439244,33.718426890629985,-0.019648921294925792,-1.1463802773742544,,,,,
legacy,1,level,ridge,S_last+M+R,all,163,1,162,0.2294870450092718,0.4790480612728454,0.3160890623221031,47.90480612728454,31.60890623221031,0.3893701032101352,-0.28538748962766625,,,,,
legacy,1,level,training_mean,S_last,all,163,1,162,5.101602326382611,2.2586726912907524,1.6302546783865335,225.86726912907525,163.02546783865336,-12.574582834931215,-27.57475378238744,,,,,
legacy,3,level,ar1,S_last,all,163,3,160,1.6493241911954155,1.2842601727046647,0.8754550793753293,128.42601727046647,87.54550793753293,0.032363340801871754,-0.1843360466816093,,,,,
legacy,3,level,endpoint_persistence,S_last,all,163,3,160,1.3926150401456212,1.1800911151879847,0.7525802630340674,118.00911151879848,75.25802630340675,0.18297119984707966,0.0,,,,,
legacy,3,level,mean_persistence,S_last,all,163,3,160,1.704487087707276,1.3055600666791536,0.8264838991624318,130.55600666791537,82.64838991624318,0.0,-0.22394706259171482,,,,,
legacy,3,level,rf,S_last+M,all,163,3,160,1.6591394701755178,1.2880758790442113,0.8521206978435643,128.80758790442113,85.21206978435643,0.026604846618554223,-0.19138413872223214,,,,,
legacy,3,level,rf,S_last+M+R,all,163,3,160,1.658319242928083,1.2877574472423303,0.852073988331069,128.77574472423302,85.2073988331069,0.027086063081471434,-0.1907951552459739,,,,,
legacy,3,level,ridge,S_last+M,all,163,3,160,2.1053710892262107,1.450989693011708,0.8486470565627551,145.0989693011708,84.8647056562755,-0.23519333435266332,-0.5118112533138082,,,,,
legacy,3,level,ridge,S_last+M+R,all,163,3,160,1.3393030814991298,1.1572826281851507,0.7770755513230855,115.72826281851508,77.70755513230854,0.2142486199173026,0.03828190642039653,,,,,
legacy,3,level,training_mean,S_last,all,163,3,160,3.64437470388319,1.9090245425041528,1.5356350598348079,190.90245425041527,153.56350598348078,-1.1381063723898772,-1.6169290139952168,,,,,
q70,1,entry,logistic,S_last,at_risk,163,31,132,,,,,,,,0.045454545454545456,0.9470899470899471,0.37716931216931215,0.04062996961727136,0.12406879844490369
q70,1,entry,logistic,S_last+M,at_risk,163,31,132,,,,,,,,0.045454545454545456,0.8981481481481481,0.38878205128205123,0.03897057087518437,0.14921394293857795
q70,1,entry,logistic,S_last+M+R,at_risk,163,31,132,,,,,,,,0.045454545454545456,0.8902116402116402,0.34138361638361636,0.03646123845834893,0.14789774644165915
q70,1,entry,logistic,S_mean,at_risk,163,31,132,,,,,,,,0.045454545454545456,0.7804232804232805,0.16178370240870243,0.041945894648747435,0.16859702057621195
q70,1,entry,prevalence,S_last,at_risk,163,31,132,,,,,,,,0.045454545454545456,0.28174603174603174,0.03731301219843851,0.04383227823437989,0.19038818873823043
q70,1,entry,raw_spread,S_last,at_risk,163,31,132,,,,,,,,0.045454545454545456,0.9206349206349207,0.6246988858777476,,
q70,1,entry,rf,S_last,at_risk,163,31,132,,,,,,,,0.045454545454545456,0.7996031746031746,0.2923074280217137,0.037437770225572146,0.21766094090477334
q70,1,entry,rf,S_last+M,at_risk,163,31,132,,,,,,,,0.045454545454545456,0.7843915343915343,0.25647130647130645,0.03849646262793892,0.16120614975971417
q70,1,entry,rf,S_last+M+R,at_risk,163,31,132,,,,,,,,0.045454545454545456,0.7817460317460316,0.2561702713601448,0.0385744869747577,0.16119256313364044
q70,1,entry,rf,S_mean,at_risk,163,31,132,,,,,,,,0.045454545454545456,0.748015873015873,0.15025045197458992,0.04314141892315943,0.2549991804232045
q70,1,entry,single_logistic,S_last,at_risk,163,31,132,,,,,,,,0.045454545454545456,0.8941798941798942,0.4730864197530864,0.03545141922131929,0.12927616270879444
q70,1,entry,transition,S_last,at_risk,163,31,132,,,,,,,,0.045454545454545456,0.2671957671957672,0.03647604913636314,0.04384280075390044,0.1907986922045315
q70,1,state,logistic,S_last,all,163,1,162,,,,,,,,0.17901234567901234,0.9714804252009333,0.9116262696538872,0.047841574909920755,0.16077528384501227
q70,1,state,logistic,S_last,at_risk,163,1,132,,,,,,,,0.045454545454545456,0.9219576719576721,0.5686392914653784,0.03244733046037459,0.11948362770692442
q70,1,state,logistic,S_last+M,all,163,1,162,,,,,,,,0.17901234567901234,0.9582577132486387,0.7930760763572572,0.05958817645105498,0.25735464874492775
q70,1,state,logistic,S_last+M,at_risk,163,1,132,,,,,,,,0.045454545454545456,0.9113756613756614,0.4825396825396825,0.033315323354087746,0.12212229343848287
q70,1,state,logistic,S_last+M+R,all,163,1,162,,,,,,,,0.17901234567901234,0.9572206378014001,0.7885309457503974,0.06212148942825339,0.26234029500175104
q70,1,state,logistic,S_last+M+R,at_risk,163,1,132,,,,,,,,0.045454545454545456,0.9100529100529101,0.46111111111111114,0.0341327489602589,0.12255407886606003
q70,1,state,logistic,S_mean,all,163,1,162,,,,,,,,0.17901234567901234,0.9522945294270159,0.8839441443037244,0.053906674834638464,0.19206364011722138
q70,1,state,logistic,S_mean,at_risk,163,1,132,,,,,,,,0.045454545454545456,0.8346560846560847,0.28831677675491063,0.038400294093161536,0.15094164342662
q70,1,state,prevalence,S_last,all,163,1,162,,,,,,,,0.17901234567901234,0.7127301011148561,0.2976263651611412,0.15719340971321838,0.49721282712297743
q70,1,state,prevalence,S_last,at_risk,163,1,132,,,,,,,,0.045454545454545456,0.7023809523809523,0.12740874932903917,0.11013803874283015,0.3982125416988442
q70,1,state,raw_spread,S_last,all,163,1,162,,,,,,,,0.17901234567901234,0.976017630282603,0.9376481293664298,,
q70,1,state,raw_spread,S_last,at_risk,163,1,132,,,,,,,,0.045454545454545456,0.9206349206349207,0.6246988858777476,,
q70,1,state,rf,S_last,all,163,1,162,,,,,,,,0.17901234567901234,0.9369976665802437,0.8838846121979662,0.04598494128009502,0.29522267729939095
q70,1,state,rf,S_last,at_risk,163,1,132,,,,,,,,0.045454545454545456,0.742063492063492,0.5454545454545454,0.027740053891265284,0.26252741937755086
q70,1,state,rf,S_last+M,all,163,1,162,,,,,,,,0.17901234567901234,0.9323308270676692,0.8492782375426854,0.046247076620827124,0.21381841192992765
q70,1,state,rf,S_last+M,at_risk,163,1,132,,,,,,,,0.045454545454545456,0.7354497354497355,0.5349705766372432,0.02750309978170398,0.15426417714425583
q70,1,state,rf,S_last+M+R,all,163,1,162,,,,,,,,0.17901234567901234,0.935960591133005,0.8747735989870611,0.04601467058799479,0.2100624517573685
q70,1,state,rf,S_last+M+R,at_risk,163,1,132,,,,,,,,0.045454545454545456,0.7407407407407407,0.5355259100088539,0.027403701813494743,0.15390835686935395
q70,1,state,rf,S_mean,all,163,1,162,,,,,,,,0.17901234567901234,0.9183303085299456,0.821126622131645,0.06292374049002261,0.3491304445239005
q70,1,state,rf,S_mean,at_risk,163,1,132,,,,,,,,0.045454545454545456,0.6812169312169312,0.25033210517081483,0.042454796954415126,0.3108701222663295
q70,1,state,single_logistic,S_last,all,163,1,162,,,,,,,,0.17901234567901234,0.9732953072336012,0.9339767086933158,0.044999017545209345,0.16365615592746593
q70,1,state,single_logistic,S_last,at_risk,163,1,132,,,,,,,,0.045454545454545456,0.91005291005291,0.6481792717086834,0.03307661796493446,0.12919155324897763
q70,1,state,transition,S_last,all,163,1,162,,,,,,,,0.17901234567901234,0.8275862068965517,0.6817072822802075,0.07340009009556511,0.2794182843351304
q70,1,state,transition,S_last,at_risk,163,1,132,,,,,,,,0.045454545454545456,0.2671957671957672,0.03647604913636314,0.043842800753900436,0.1907986922045314
q70,3,entry,logistic,S_last,at_risk,163,33,130,,,,,,,,0.12307692307692308,0.8108552631578948,0.500419986140556,0.08541225328196096,0.3010145822402018
q70,3,entry,logistic,S_last+M,at_risk,163,33,130,,,,,,,,0.12307692307692308,0.7094298245614035,0.36388269786439786,0.1161256213485573,0.5042507839944419
q70,3,entry,logistic,S_last+M+R,at_risk,163,33,130,,,,,,,,0.12307692307692308,0.7099780701754386,0.2581431020930084,0.12446028046928925,0.5347542934584528
q70,3,entry,logistic,S_mean,at_risk,163,33,130,,,,,,,,0.12307692307692308,0.7494517543859649,0.35515259083807466,0.09459885575132461,0.33743871341663745
q70,3,entry,prevalence,S_last,at_risk,163,33,130,,,,,,,,0.12307692307692308,0.2149122807017544,0.08361003020616078,0.1116315314126125,0.3930929511560983
q70,3,entry,raw_spread,S_last,at_risk,163,33,130,,,,,,,,0.12307692307692308,0.8432017543859649,0.5679570247004457,,
q70,3,entry,rf,S_last,at_risk,163,33,130,,,,,,,,0.12307692307692308,0.7793311403508771,0.3963332936708759,0.0967605092912398,0.41459208372480594
q70,3,entry,rf,S_last+M,at_risk,163,33,130,,,,,,,,0.12307692307692308,0.7302631578947368,0.2560919807828741,0.10983901971083108,0.39401958264725445
q70,3,entry,rf,S_last+M+R,at_risk,163,33,130,,,,,,,,0.12307692307692308,0.7335526315789473,0.2644596235350393,0.10966374452466765,0.3875549423952583
q70,3,entry,rf,S_mean,at_risk,163,33,130,,,,,,,,0.12307692307692308,0.7417763157894737,0.38077046305118784,0.09667186708646364,0.5621698148254598
q70,3,entry,single_logistic,S_last,at_risk,163,33,130,,,,,,,,0.12307692307692308,0.8064692982456141,0.49849974550843174,0.08699737093487082,0.30246369715098825
q70,3,entry,transition,S_last,at_risk,163,33,130,,,,,,,,0.12307692307692308,0.3018092105263158,0.09439515864968312,0.11027206667996134,0.38399303336701374
q70,3,state,logistic,S_last,all,163,3,160,,,,,,,,0.16875,0.8468393205235311,0.6291791808385283,0.11483325747839708,0.36858687250148015
q70,3,state,logistic,S_last,at_risk,163,3,130,,,,,,,,0.1,0.7948717948717949,0.3767142559368199,0.07811559774758159,0.27076220741115165
q70,3,state,logistic,S_last+M,all,163,3,160,,,,,,,,0.16875,0.8156502367028683,0.4802779020257778,0.13119383294152773,0.5579463794589623
q70,3,state,logistic,S_last+M,at_risk,163,3,130,,,,,,,,0.1,0.7718606180144643,0.24076397695323526,0.09265372893856713,0.33013341732046547
q70,3,state,logistic,S_last+M+R,all,163,3,160,,,,,,,,0.16875,0.7903091060985797,0.4487192416037827,0.14800242636844546,0.6055638615554475
q70,3,state,logistic,S_last+M+R,at_risk,163,3,130,,,,,,,,0.1,0.7159763313609467,0.17447842377122774,0.10643990295854423,0.37640735913756784
q70,3,state,logistic,S_mean,all,163,3,160,,,,,,,,0.16875,0.8198273461431356,0.6155561470857113,0.119855209138328,0.39313189499263307
q70,3,state,logistic,S_mean,at_risk,163,3,130,,,,,,,,0.1,0.7337278106508875,0.33276282226494774,0.07932013185320395,0.28525394841101576
q70,3,state,prevalence,S_last,all,163,3,160,,,,,,,,0.16875,0.6666666666666666,0.2431249000466618,0.15626868444330327,0.495856297898747
q70,3,state,prevalence,S_last,at_risk,163,3,130,,,,,,,,0.1,0.6324786324786325,0.20543492169874128,0.13178628185922447,0.444466405712226
q70,3,state,raw_spread,S_last,all,163,3,160,,,,,,,,0.16875,0.8501810080757449,0.6532757148545932,,
q70,3,state,raw_spread,S_last,at_risk,163,3,130,,,,,,,,0.1,0.7942143326758712,0.36916444104703217,,
q70,3,state,rf,S_last,all,163,3,160,,,,,,,,0.16875,0.7862712336396547,0.40127178465630325,0.13690268315154935,0.5236894476281357
q70,3,state,rf,S_last,at_risk,163,3,130,,,,,,,,0.1,0.6985535831689678,0.26212975121494897,0.09353586431373673,0.4124536169948235
q70,3,state,rf,S_last+M,all,163,3,160,,,,,,,,0.16875,0.7638540796435533,0.3847201395214697,0.13181720599405272,0.4499014768416192
q70,3,state,rf,S_last+M,at_risk,163,3,130,,,,,,,,0.1,0.643655489809336,0.221931997885662,0.09644191336165421,0.3720063382801032
q70,3,state,rf,S_last+M+R,all,163,3,160,,,,,,,,0.16875,0.7641325536062378,0.37623517214271485,0.13163049024785117,0.44787443169192265
q70,3,state,rf,S_last+M+R,at_risk,163,3,130,,,,,,,,0.1,0.6495726495726496,0.22369553501302938,0.09617803212345057,0.3694680335036136
q70,3,state,rf,S_mean,all,163,3,160,,,,,,,,0.16875,0.7591200222779171,0.38450330483291595,0.14531591455771659,0.6663810509305736
q70,3,state,rf,S_mean,at_risk,163,3,130,,,,,,,,0.1,0.658119658119658,0.2244011203452766,0.09148570312514259,0.5590368566146214
q70,3,state,single_logistic,S_last,all,163,3,160,,,,,,,,0.16875,0.8407128933444722,0.6483384558008832,0.10807780033135335,0.3427849012678007
q70,3,state,single_logistic,S_last,at_risk,163,3,130,,,,,,,,0.1,0.7758053911900066,0.34602281463967366,0.07959787520236751,0.27663507759218825
q70,3,state,transition,S_last,all,163,3,160,,,,,,,,0.16875,0.6285157337788917,0.4292328890938921,0.13949339682192702,0.4458404853384728
q70,3,state,transition,S_last,at_risk,163,3,130,,,,,,,,0.1,0.29848783694937536,0.07360744360861639,0.0917409216372539,0.33348482424099846
q80,1,entry,logistic,S_last,at_risk,163,12,151,,,,,,,,0.013245033112582781,0.9865771812080537,0.45,0.013282789040975119,0.04898588059120208
q80,1,entry,logistic,S_last+M,at_risk,163,12,151,,,,,,,,0.013245033112582781,0.9832214765100672,0.6428571428571428,0.011571054626769458,0.039219322678950196
q80,1,entry,logistic,S_last+M+R,at_risk,163,12,151,,,,,,,,0.013245033112582781,0.9731543624161073,0.6,0.014472381854628978,0.04722545147614918
q80,1,entry,logistic,S_mean,at_risk,163,12,151,,,,,,,,0.013245033112582781,0.9832214765100672,0.6428571428571428,0.012469868425472814,0.047496987130394304
q80,1,entry,prevalence,S_last,at_risk,163,12,151,,,,,,,,0.013245033112582781,0.1476510067114094,0.011339497688366862,0.01419169799560018,0.08746556404956848
q80,1,entry,raw_spread,S_last,at_risk,163,12,151,,,,,,,,0.013245033112582781,0.9932885906040269,0.75,,
q80,1,entry,rf,S_last,at_risk,163,12,151,,,,,,,,0.013245033112582781,0.9765100671140939,0.29166666666666663,0.015518064917282333,0.043638757855631
q80,1,entry,rf,S_last+M,at_risk,163,12,151,,,,,,,,0.013245033112582781,0.976510067114094,0.29166666666666663,0.015259149606219383,0.043118652756966636
q80,1,entry,rf,S_last+M+R,at_risk,163,12,151,,,,,,,,0.013245033112582781,0.9765100671140939,0.29166666666666663,0.015340154908731848,0.0431359924639789
q80,1,entry,rf,S_mean,at_risk,163,12,151,,,,,,,,0.013245033112582781,0.9865771812080537,0.6666666666666666,0.01370620537595212,0.04082500163436256
q80,1,entry,single_logistic,S_last,at_risk,163,12,151,,,,,,,,0.013245033112582781,0.9865771812080537,0.6666666666666666,0.010939815228070072,0.04610675002959551
q80,1,entry,transition,S_last,at_risk,163,12,151,,,,,,,,0.013245033112582781,0.14093959731543626,0.01125214618592102,0.01408479045673244,0.08631114448065999
q80,1,state,logistic,S_last,all,163,1,162,,,,,,,,0.06172839506172839,0.9967105263157894,0.9666666666666666,0.017036236118491536,0.06135168193048783
q80,1,state,logistic,S_last,at_risk,163,1,151,,,,,,,,0.013245033112582781,0.9865771812080537,0.6666666666666666,0.015112562359614858,0.055548239174235764
q80,1,state,logistic,S_last+M,all,163,1,162,,,,,,,,0.06172839506172839,0.9980263157894737,0.9733333333333333,0.012777536588343859,0.048983024377625264
q80,1,state,logistic,S_last+M,at_risk,163,1,151,,,,,,,,0.013245033112582781,0.9966442953020135,0.8333333333333333,0.00736875948490349,0.032923918655950624
q80,1,state,logistic,S_last+M+R,all,163,1,162,,,,,,,,0.06172839506172839,0.9901315789473685,0.8797650878533231,0.025748304635475245,0.10172422064830121
q80,1,state,logistic,S_last+M+R,at_risk,163,1,151,,,,,,,,0.013245033112582781,0.9798657718120806,0.39285714285714285,0.014824088479639452,0.06498869904362442
q80,1,state,logistic,S_mean,all,163,1,162,,,,,,,,0.06172839506172839,0.9947368421052633,0.9555555555555555,0.020489185819048336,0.07420590947212553
q80,1,state,logistic,S_mean,at_risk,163,1,151,,,,,,,,0.013245033112582781,0.9832214765100672,0.6428571428571428,0.014126766490299652,0.05825835529435288
q80,1,state,prevalence,S_last,all,163,1,162,,,,,,,,0.06172839506172839,0.7802631578947369,0.20370499601029698,0.0701383524207569,0.28472857699449194
q80,1,state,prevalence,S_last,at_risk,163,1,151,,,,,,,,0.013245033112582781,0.3053691275167785,0.013942307692307693,0.04384033526334764,0.22545213600323916
q80,1,state,raw_spread,S_last,all,163,1,162,,,,,,,,0.06172839506172839,0.9980263157894738,0.976923076923077,,
q80,1,state,raw_spread,S_last,at_risk,163,1,151,,,,,,,,0.013245033112582781,0.9932885906040269,0.75,,
q80,1,state,rf,S_last,all,163,1,162,,,,,,,,0.06172839506172839,0.9921052631578948,0.8779365079365079,0.017060037178329518,0.058721133971058666
q80,1,state,rf,S_last,at_risk,163,1,151,,,,,,,,0.013245033112582781,0.9832214765100671,0.41666666666666663,0.014266704268780007,0.04910545128478943
q80,1,state,rf,S_last+M,all,163,1,162,,,,,,,,0.06172839506172839,0.993421052631579,0.8868650793650793,0.018146950638982914,0.06079591712018357
q80,1,state,rf,S_last+M,at_risk,163,1,151,,,,,,,,0.013245033112582781,0.9899328859060403,0.5,0.012838525016822505,0.04518031879211465
q80,1,state,rf,S_last+M+R,all,163,1,162,,,,,,,,0.06172839506172839,0.9934210526315791,0.8868650793650793,0.018086237499957192,0.0610576076001111
q80,1,state,rf,S_last+M+R,at_risk,163,1,151,,,,,,,,0.013245033112582781,0.9899328859060402,0.5,0.01285204925235193,0.045629122790615165
q80,1,state,rf,S_mean,all,163,1,162,,,,,,,,0.06172839506172839,0.9914473684210527,0.9119981325863679,0.025157779849587482,0.07256722638971266
q80,1,state,rf,S_mean,at_risk,163,1,151,,,,,,,,0.013245033112582781,0.9798657718120806,0.3333333333333333,0.014920185343766499,0.04382435368596849
q80,1,state,single_logistic,S_last,all,163,1,162,,,,,,,,0.06172839506172839,0.9960526315789473,0.9624999999999999,0.016903590293518622,0.07195046875630802
q80,1,state,single_logistic,S_last,at_risk,163,1,151,,,,,,,,0.013245033112582781,0.9865771812080537,0.6666666666666666,0.014134094106876003,0.06328107242101355
q80,1,state,transition,S_last,all,163,1,162,,,,,,,,0.06172839506172839,0.8197368421052632,0.5896088805892729,0.02726199481034035,0.1223371421681807
q80,1,state,transition,S_last,at_risk,163,1,151,,,,,,,,0.013245033112582781,0.14093959731543626,0.01125214618592102,0.01408479045673244,0.08631114448065999
q80,3,entry,logistic,S_last,at_risk,163,14,149,,,,,,,,0.040268456375838924,0.7668997668997669,0.14420945916459377,0.06534945763464874,0.23910483937324137
q80,3,entry,logistic,S_last+M,at_risk,163,14,149,,,,,,,,0.040268456375838924,0.8531468531468531,0.20588824755491422,0.046501820278391136,0.1797803285887013
q80,3,entry,logistic,S_last+M+R,at_risk,163,14,149,,,,,,,,0.040268456375838924,0.8671328671328671,0.24977124183006535,0.03986012925856686,0.144830106238777
q80,3,entry,logistic,S_mean,at_risk,163,14,149,,,,,,,,0.040268456375838924,0.6445221445221445,0.1260433771209633,0.06723450327223449,0.25119366657438874
q80,3,entry,prevalence,S_last,at_risk,163,14,149,,,,,,,,0.040268456375838924,0.06585081585081586,0.02472385746068603,0.044002244402662594,0.20295668070551046
q80,3,entry,raw_spread,S_last,at_risk,163,14,149,,,,,,,,0.040268456375838924,0.7925407925407925,0.3379256356278897,,
q80,3,entry,rf,S_last,at_risk,163,14,149,,,,,,,,0.040268456375838924,0.6876456876456876,0.11184453596366348,0.07600817193311159,0.370108804825536
q80,3,entry,rf,S_last+M,at_risk,163,14,149,,,,,,,,0.040268456375838924,0.6765734265734267,0.1352534434935628,0.05981437148716128,0.29087481130041637
q80,3,entry,rf,S_last+M+R,at_risk,163,14,149,,,,,,,,0.040268456375838924,0.6934731934731935,0.14015304056945915,0.05955667211853517,0.28321621434012284
q80,3,entry,rf,S_mean,at_risk,163,14,149,,,,,,,,0.040268456375838924,0.6550116550116549,0.09310976541037257,0.07556592379462523,0.37211349486765016
q80,3,entry,single_logistic,S_last,at_risk,163,14,149,,,,,,,,0.040268456375838924,0.7529137529137528,0.29351573928232966,0.057582623011115115,0.20900561866979067
q80,3,entry,transition,S_last,at_risk,163,14,149,,,,,,,,0.040268456375838924,0.13986013986013984,0.026315407151231415,0.04669310909053487,0.2151387314484089
q80,3,state,logistic,S_last,all,163,3,160,,,,,,,,0.05,0.893092105263158,0.7869977362761743,0.03897945485079796,0.15013904673008427
q80,3,state,logistic,S_last,at_risk,163,3,149,,,,,,,,0.013422818791946308,0.5884353741496599,0.033518261673601474,0.02718158308456199,0.12132393472379994
q80,3,state,logistic,S_last+M,all,163,3,160,,,,,,,,0.05,0.9391447368421053,0.7417072510822511,0.029523937104954778,0.1463802718258474
q80,3,state,logistic,S_last+M,at_risk,163,3,149,,,,,,,,0.013422818791946308,0.7925170068027212,0.06432246998284734,0.0226876263818387,0.13213815063164122
q80,3,state,logistic,S_last+M+R,all,163,3,160,,,,,,,,0.05,0.9473684210526316,0.6176857864357864,0.026100760877884054,0.1371279596718282
q80,3,state,logistic,S_last+M+R,at_risk,163,3,149,,,,,,,,0.013422818791946308,0.8299319727891157,0.08472222222222223,0.02217989076223646,0.12873331467220778
q80,3,state,logistic,S_mean,all,163,3,160,,,,,,,,0.05,0.8577302631578948,0.7791473068318705,0.04277800855030317,0.1654152933193976
q80,3,state,logistic,S_mean,at_risk,163,3,149,,,,,,,,0.013422818791946308,0.445578231292517,0.02510351966873706,0.02892868854653386,0.13066416103934594
q80,3,state,prevalence,S_last,all,163,3,160,,,,,,,,0.05,0.7286184210526316,0.12067877344107777,0.06512970205481314,0.27454444882605183
q80,3,state,prevalence,S_last,at_risk,163,3,149,,,,,,,,0.013422818791946308,0.32312925170068024,0.014515455304928988,0.04482234389762743,0.22849450458985401
q80,3,state,raw_spread,S_last,all,163,3,160,,,,,,,,0.05,0.8947368421052632,0.7842592592592593,,
q80,3,state,raw_spread,S_last,at_risk,163,3,149,,,,,,,,0.013422818791946308,0.5986394557823129,0.031142611683848798,,
q80,3,state,rf,S_last,all,163,3,160,,,,,,,,0.05,0.9021381578947368,0.5046036018075492,0.05836592134856583,0.19413395106401682
q80,3,state,rf,S_last,at_risk,163,3,149,,,,,,,,0.013422818791946308,0.6904761904761905,0.03262599469496021,0.04641369549971833,0.1621604605434957
q80,3,state,rf,S_last+M,all,163,3,160,,,,,,,,0.05,0.8749999999999999,0.42439925044091714,0.047717698354608894,0.18167284639383374
q80,3,state,rf,S_last+M,at_risk,163,3,149,,,,,,,,0.013422818791946308,0.5714285714285714,0.022760290556900726,0.03376394046811523,0.1455592700022458
q80,3,state,rf,S_last+M+R,all,163,3,160,,,,,,,,0.05,0.8791118421052632,0.4460435651746627,0.04764068375322887,0.17859138330590296
q80,3,state,rf,S_last+M+R,at_risk,163,3,149,,,,,,,,0.013422818791946308,0.5850340136054422,0.023343766301512782,0.033800407439095265,0.1425618091650016
q80,3,state,rf,S_mean,all,163,3,160,,,,,,,,0.05,0.839638157894737,0.40729197273314915,0.06066720007359004,0.2544884515999507
q80,3,state,rf,S_mean,at_risk,163,3,149,,,,,,,,0.013422818791946308,0.48639455782312924,0.018906531347192668,0.046961737594678955,0.22250756658887974
q80,3,state,single_logistic,S_last,all,163,3,160,,,,,,,,0.05,0.8807565789473685,0.7802083333333333,0.03667061368855912,0.14790027686972096
q80,3,state,single_logistic,S_last,at_risk,163,3,149,,,,,,,,0.013422818791946308,0.5408163265306123,0.026415691236950332,0.02826489416991738,0.12844291970304705
q80,3,state,transition,S_last,all,163,3,160,,,,,,,,0.05,0.7804276315789473,0.36543803418803417,0.03743682477008169,0.1752108302223756
q80,3,state,transition,S_last,at_risk,163,3,149,,,,,,,,0.013422818791946308,0.19727891156462585,0.012215700660308144,0.021085067482350298,0.13557870030484823
rolling120,1,level,ar1,S_last,all,163,1,162,0.37786065519106626,0.614703713337626,0.3846625724336396,61.4703713337626,38.46625724336396,-0.005990875444272348,-1.107416818076545,,,,,
rolling120,1,level,endpoint_persistence,S_last,all,163,1,162,0.1793003889643163,0.4234387664873356,0.28251704356656043,42.343876648733556,28.25170435665604,0.522642665269015,0.0,,,,,
rolling120,1,level,mean_persistence,S_last,all,163,1,162,0.37561041994957756,0.6128706388379015,0.3768982265721396,61.28706388379015,37.68982265721396,0.0,-1.094866732410325,,,,,
rolling120,1,level,rf,S_last+M,all,163,1,162,0.18086664060694446,0.42528418805187723,0.2869867266635063,42.52841880518773,28.698672666350628,0.5184727819019923,-0.00873534994360714,,,,,
rolling120,1,level,rf,S_last+M+R,all,163,1,162,0.18109889577684538,0.42555715923580156,0.28705390312134016,42.55571592358016,28.705390312134014,0.5178544413087467,-0.010030691081696519,,,,,
rolling120,1,level,ridge,S_last+M,all,163,1,162,0.22513162491136174,0.4744803735786779,0.309839047224315,47.44803735786779,30.9839047224315,0.4006246553501266,-0.2556114697339926,,,,,
rolling120,1,level,ridge,S_last+M+R,all,163,1,162,0.2172615537651989,0.4661132413536424,0.29996281407359976,46.61132413536424,29.996281407359977,0.4215774051359801,-0.21171825125509058,,,,,
rolling120,1,level,training_mean,S_last,all,163,1,162,4.919174735528285,2.2179212645015793,1.5780110643939718,221.79212645015792,157.8011064393972,-12.096481019319544,-26.435382399015772,,,,,
rolling120,3,level,ar1,S_last,all,163,3,160,1.681982507082338,1.2969126829059612,0.8835033486138913,129.69126829059613,88.35033486138913,0.012044149149036398,-0.2070842838138378,,,,,
rolling120,3,level,endpoint_persistence,S_last,all,163,3,160,1.3934259020985988,1.1804346242374453,0.7529001535149634,118.04346242374453,75.29001535149634,0.1815353210220979,0.0,,,,,
rolling120,3,level,mean_persistence,S_last,all,163,3,160,1.7024875207060954,1.304794052985411,0.8260670442781854,130.4794052985411,82.60670442781854,0.0,-0.2217998231136853,,,,,
rolling120,3,level,rf,S_last+M,all,163,3,160,1.248678135884687,1.1174426767779575,0.7766820318808783,111.74426767779575,77.66820318808783,0.26655665859635436,0.10387905520911545,,,,,
rolling120,3,level,rf,S_last+M+R,all,163,3,160,1.2554792861089321,1.120481720559926,0.7786543974696338,112.0481720559926,77.86543974696339,0.26256182742048506,0.09899817118506937,,,,,
rolling120,3,level,ridge,S_last+M,all,163,3,160,1.7009571390000524,1.304207475442482,0.8745683562781282,130.4207475442482,87.45683562781282,0.0008989092063408366,-0.22070153600438291,,,,,
rolling120,3,level,ridge,S_last+M+R,all,163,3,160,1.850536716765206,1.3603443375723685,0.8966723784696384,136.03443375723685,89.66723784696384,-0.08696051762993728,-0.32804816817181726,,,,,
rolling120,3,level,training_mean,S_last,all,163,3,160,3.569608453246991,1.8893407456695024,1.4920078430543138,188.93407456695024,149.20078430543137,-1.0967016849360047,-1.5617497477769762,,,,,
seed0,1,level,ar1,S_last,all,163,1,162,0.37626278445115807,0.6134026283373409,0.38446052471992576,61.340262833734094,38.44605247199257,-0.0017368115124922756,-1.0985051210683126,,,,,
seed0,1,level,endpoint_persistence,S_last,all,163,1,162,0.1793003889643163,0.4234387664873356,0.28251704356656043,42.343876648733556,28.25170435665604,0.522642665269015,0.0,,,,,
seed0,1,level,mean_persistence,S_last,all,163,1,162,0.37561041994957756,0.6128706388379015,0.3768982265721396,61.28706388379015,37.68982265721396,0.0,-1.094866732410325,,,,,
seed0,1,level,rf,S_last+M,all,163,1,162,0.19409261438121983,0.4405594334266602,0.2975787332300325,44.05594334266602,29.75787332300325,0.48326083603517955,-0.08249968392342644,,,,,
seed0,1,level,rf,S_last+M+R,all,163,1,162,0.193777465858571,0.44020161955468884,0.2975554847709547,44.020161955468886,29.755548477095473,0.4840998663333569,-0.08074202726429047,,,,,
seed0,1,level,training_mean,S_last,all,163,1,162,5.100444491721364,2.2584163681042884,1.6308054001484287,225.84163681042884,163.08054001484288,-12.57908146532797,-27.44636601840521,,,,,
seed0,3,level,ar1,S_last,all,163,3,160,1.6441049985818783,1.2822265784883256,0.8748116784577096,128.22265784883257,87.48116784577095,0.034292481685858967,-0.17990127505577358,,,,,
seed0,3,level,endpoint_persistence,S_last,all,163,3,160,1.3934259020985988,1.1804346242374453,0.7529001535149634,118.04346242374453,75.29001535149634,0.1815353210220979,0.0,,,,,
seed0,3,level,mean_persistence,S_last,all,163,3,160,1.7024875207060954,1.304794052985411,0.8260670442781854,130.4794052985411,82.60670442781854,0.0,-0.2217998231136853,,,,,
seed0,3,level,rf,S_last+M,all,163,3,160,1.6846883851290513,1.297955463461305,0.8683830861328092,129.79554634613052,86.83830861328093,0.0104547818181141,-0.20902617253762146,,,,,
seed0,3,level,rf,S_last+M+R,all,163,3,160,1.6846284001795582,1.2979323557795908,0.8694906288879972,129.79323557795908,86.94906288879972,0.010490015526886443,-0.20898312399847563,,,,,
seed0,3,level,training_mean,S_last,all,163,3,160,3.6432863103186057,1.9087394558500135,1.5361714551912808,190.87394558500134,153.6171455191281,-1.139978276497191,-1.6146250796913968,,,,,
seed1,1,level,ar1,S_last,all,163,1,162,0.37626278445115807,0.6134026283373409,0.38446052471992576,61.340262833734094,38.44605247199257,-0.0017368115124922756,-1.0985051210683126,,,,,
seed1,1,level,endpoint_persistence,S_last,all,163,1,162,0.1793003889643163,0.4234387664873356,0.28251704356656043,42.343876648733556,28.25170435665604,0.522642665269015,0.0,,,,,
seed1,1,level,mean_persistence,S_last,all,163,1,162,0.37561041994957756,0.6128706388379015,0.3768982265721396,61.28706388379015,37.68982265721396,0.0,-1.094866732410325,,,,,
seed1,1,level,rf,S_last+M,all,163,1,162,0.18971438371583527,0.435562146789451,0.2946051092763482,43.556214678945096,29.46051092763482,0.4949171438286968,-0.05808127250405204,,,,,
seed1,1,level,rf,S_last+M+R,all,163,1,162,0.18970539233301267,0.4355518250828628,0.29441449844121986,43.55518250828628,29.441449844121987,0.4949410818835138,-0.058031125469377276,,,,,
seed1,1,level,training_mean,S_last,all,163,1,162,5.100444491721364,2.2584163681042884,1.6308054001484287,225.84163681042884,163.08054001484288,-12.57908146532797,-27.44636601840521,,,,,
seed1,3,level,ar1,S_last,all,163,3,160,1.6441049985818783,1.2822265784883256,0.8748116784577096,128.22265784883257,87.48116784577095,0.034292481685858967,-0.17990127505577358,,,,,
seed1,3,level,endpoint_persistence,S_last,all,163,3,160,1.3934259020985988,1.1804346242374453,0.7529001535149634,118.04346242374453,75.29001535149634,0.1815353210220979,0.0,,,,,
seed1,3,level,mean_persistence,S_last,all,163,3,160,1.7024875207060954,1.304794052985411,0.8260670442781854,130.4794052985411,82.60670442781854,0.0,-0.2217998231136853,,,,,
seed1,3,level,rf,S_last+M,all,163,3,160,1.630185757645672,1.2767872797164264,0.8496248584762416,127.67872797164263,84.96248584762415,0.04246830721580663,-0.16991205286947508,,,,,
seed1,3,level,rf,S_last+M+R,all,163,3,160,1.629902760559903,1.2766764510085955,0.8490296176435393,127.66764510085954,84.90296176435393,0.04263453286053365,-0.16970895840615063,,,,,
seed1,3,level,training_mean,S_last,all,163,3,160,3.6432863103186057,1.9087394558500135,1.5361714551912808,190.87394558500134,153.6171455191281,-1.139978276497191,-1.6146250796913968,,,,,
seed2,1,level,ar1,S_last,all,163,1,162,0.37626278445115807,0.6134026283373409,0.38446052471992576,61.340262833734094,38.44605247199257,-0.0017368115124922756,-1.0985051210683126,,,,,
seed2,1,level,endpoint_persistence,S_last,all,163,1,162,0.1793003889643163,0.4234387664873356,0.28251704356656043,42.343876648733556,28.25170435665604,0.522642665269015,0.0,,,,,
seed2,1,level,mean_persistence,S_last,all,163,1,162,0.37561041994957756,0.6128706388379015,0.3768982265721396,61.28706388379015,37.68982265721396,0.0,-1.094866732410325,,,,,
seed2,1,level,rf,S_last+M,all,163,1,162,0.1860215283211344,0.43130213113446864,0.29345785168003574,43.130213113446864,29.345785168003573,0.5047487544512046,-0.03748535848494838,,,,,
seed2,1,level,rf,S_last+M+R,all,163,1,162,0.18591553731578864,0.4311792403581005,0.293430436297821,43.11792403581005,29.343043629782102,0.5050309377978752,-0.03689422197956782,,,,,
seed2,1,level,training_mean,S_last,all,163,1,162,5.100444491721364,2.2584163681042884,1.6308054001484287,225.84163681042884,163.08054001484288,-12.57908146532797,-27.44636601840521,,,,,
seed2,3,level,ar1,S_last,all,163,3,160,1.6441049985818783,1.2822265784883256,0.8748116784577096,128.22265784883257,87.48116784577095,0.034292481685858967,-0.17990127505577358,,,,,
seed2,3,level,endpoint_persistence,S_last,all,163,3,160,1.3934259020985988,1.1804346242374453,0.7529001535149634,118.04346242374453,75.29001535149634,0.1815353210220979,0.0,,,,,
seed2,3,level,mean_persistence,S_last,all,163,3,160,1.7024875207060954,1.304794052985411,0.8260670442781854,130.4794052985411,82.60670442781854,0.0,-0.2217998231136853,,,,,
seed2,3,level,rf,S_last+M,all,163,3,160,1.572864582633099,1.2541389805891128,0.8392063576670277,125.41389805891127,83.92063576670277,0.07613737927385,-0.1287751865845559,,,,,
seed2,3,level,rf,S_last+M+R,all,163,3,160,1.5665065216005207,1.2516015826134612,0.8369574162626175,125.16015826134613,83.69574162626175,0.07987195057334551,-0.1242122880314267,,,,,
seed2,3,level,training_mean,S_last,all,163,3,160,3.6432863103186057,1.9087394558500135,1.5361714551912808,190.87394558500134,153.6171455191281,-1.139978276497191,-1.6146250796913968,,,,,
seed3,1,level,ar1,S_last,all,163,1,162,0.37626278445115807,0.6134026283373409,0.38446052471992576,61.340262833734094,38.44605247199257,-0.0017368115124922756,-1.0985051210683126,,,,,
seed3,1,level,endpoint_persistence,S_last,all,163,1,162,0.1793003889643163,0.4234387664873356,0.28251704356656043,42.343876648733556,28.25170435665604,0.522642665269015,0.0,,,,,
seed3,1,level,mean_persistence,S_last,all,163,1,162,0.37561041994957756,0.6128706388379015,0.3768982265721396,61.28706388379015,37.68982265721396,0.0,-1.094866732410325,,,,,
seed3,1,level,rf,S_last+M,all,163,1,162,0.19359910690530172,0.4399989851184906,0.29787144984577874,43.99989851184906,29.787144984577875,0.4845747172528102,-0.07974727787027325,,,,,
seed3,1,level,rf,S_last+M+R,all,163,1,162,0.19330705808536214,0.43966698543939153,0.29750263933203025,43.96669854393915,29.750263933203026,0.4853522484511693,-0.0781184536294195,,,,,
seed3,1,level,training_mean,S_last,all,163,1,162,5.100444491721364,2.2584163681042884,1.6308054001484287,225.84163681042884,163.08054001484288,-12.57908146532797,-27.44636601840521,,,,,
seed3,3,level,ar1,S_last,all,163,3,160,1.6441049985818783,1.2822265784883256,0.8748116784577096,128.22265784883257,87.48116784577095,0.034292481685858967,-0.17990127505577358,,,,,
seed3,3,level,endpoint_persistence,S_last,all,163,3,160,1.3934259020985988,1.1804346242374453,0.7529001535149634,118.04346242374453,75.29001535149634,0.1815353210220979,0.0,,,,,
seed3,3,level,mean_persistence,S_last,all,163,3,160,1.7024875207060954,1.304794052985411,0.8260670442781854,130.4794052985411,82.60670442781854,0.0,-0.2217998231136853,,,,,
seed3,3,level,rf,S_last+M,all,163,3,160,1.6550980101505233,1.286506125189664,0.8574941545966024,128.6506125189664,85.74941545966024,0.027835452524149873,-0.18779047214338962,,,,,
seed3,3,level,rf,S_last+M+R,all,163,3,160,1.6567094763102062,1.2871322683820052,0.8568650082892194,128.7132268382005,85.68650082892194,0.026888916270530472,-0.18894694997063244,,,,,
seed3,3,level,training_mean,S_last,all,163,3,160,3.6432863103186057,1.9087394558500135,1.5361714551912808,190.87394558500134,153.6171455191281,-1.139978276497191,-1.6146250796913968,,,,,
seed4,1,level,ar1,S_last,all,163,1,162,0.37626278445115807,0.6134026283373409,0.38446052471992576,61.340262833734094,38.44605247199257,-0.0017368115124922756,-1.0985051210683126,,,,,
seed4,1,level,endpoint_persistence,S_last,all,163,1,162,0.1793003889643163,0.4234387664873356,0.28251704356656043,42.343876648733556,28.25170435665604,0.522642665269015,0.0,,,,,
seed4,1,level,mean_persistence,S_last,all,163,1,162,0.37561041994957756,0.6128706388379015,0.3768982265721396,61.28706388379015,37.68982265721396,0.0,-1.094866732410325,,,,,
seed4,1,level,rf,S_last+M,all,163,1,162,0.19241139287707543,0.43864723055899424,0.2991933662730532,43.864723055899425,29.91933662730532,0.4877368074535712,-0.07312312030381829,,,,,
seed4,1,level,rf,S_last+M+R,all,163,1,162,0.19254629651185526,0.43880097596957923,0.2991047464381149,43.880097596957924,29.91047464381149,0.4873776490606865,-0.07387550927273856,,,,,
seed4,1,level,training_mean,S_last,all,163,1,162,5.100444491721364,2.2584163681042884,1.6308054001484287,225.84163681042884,163.08054001484288,-12.57908146532797,-27.44636601840521,,,,,
seed4,3,level,ar1,S_last,all,163,3,160,1.6441049985818783,1.2822265784883256,0.8748116784577096,128.22265784883257,87.48116784577095,0.034292481685858967,-0.17990127505577358,,,,,
seed4,3,level,endpoint_persistence,S_last,all,163,3,160,1.3934259020985988,1.1804346242374453,0.7529001535149634,118.04346242374453,75.29001535149634,0.1815353210220979,0.0,,,,,
seed4,3,level,mean_persistence,S_last,all,163,3,160,1.7024875207060954,1.304794052985411,0.8260670442781854,130.4794052985411,82.60670442781854,0.0,-0.2217998231136853,,,,,
seed4,3,level,rf,S_last+M,all,163,3,160,1.640461395368884,1.2808049794441323,0.8555606990189272,128.08049794441322,85.55606990189271,0.03643264610332442,-0.17728642254908,,,,,
seed4,3,level,rf,S_last+M+R,all,163,3,160,1.6382344448314516,1.2799353283785284,0.855182429641266,127.99353283785284,85.5182429641266,0.03774070299675103,-0.17568823886806872,,,,,
seed4,3,level,training_mean,S_last,all,163,3,160,3.6432863103186057,1.9087394558500135,1.5361714551912808,190.87394558500134,153.6171455191281,-1.139978276497191,-1.6146250796913968,,,,,
