scenario,horizon,task,model,feature_block,risk_set,requested,excluded,n,prevalence,auc,average_precision,brier,log_loss,mse,rmse,mae,rmse_bps,mae_bps,r2_vs_mean_persistence,r2_vs_endpoint_persistence
core,1,entry,logistic,S_last,at_risk,163,21,142,0.02112676056338028,0.9112709832134293,0.1841269841269841,0.021928578755026636,0.07939883411541275,,,,,,,
core,1,entry,logistic,S_last+M,at_risk,163,21,142,0.02112676056338028,0.9232613908872901,0.16715686274509806,0.024732707005299347,0.09482947550643618,,,,,,,
core,1,entry,logistic,S_last+M+R,at_risk,163,21,142,0.02112676056338028,0.8992805755395684,0.15833333333333333,0.024508897555680382,0.09879943468463184,,,,,,,
core,1,entry,logistic,S_mean,at_risk,163,21,142,0.02112676056338028,0.750599520383693,0.3984126984126984,0.016772407226539665,0.09031970138925635,,,,,,,
core,1,entry,prevalence,S_last,at_risk,163,21,142,0.02112676056338028,0.3093525179856115,0.020577938508821593,0.02111651468146266,0.10896039297588363,,,,,,,
core,1,entry,raw_spread,S_last,at_risk,163,21,142,0.02112676056338028,0.8752997601918465,0.46405228758169936,,,,,,,,,
core,1,entry,rf,S_last,at_risk,163,21,142,0.02112676056338028,0.9064748201438848,0.18125,0.021922346847532748,0.09145497305844029,,,,,,,
core,1,entry,rf,S_last+M,at_risk,163,21,142,0.02112676056338028,0.750599520383693,0.15704225352112677,0.022017826452755167,0.14362347484402652,,,,,,,
core,1,entry,rf,S_last+M+R,at_risk,163,21,142,0.02112676056338028,0.750599520383693,0.15704225352112677,0.022100264372872894,0.14383924942129625,,,,,,,
core,1,entry,rf,S_mean,at_risk,163,21,142,0.02112676056338028,0.7541966426858513,0.12873537521424844,0.022037502121948858,0.14666697429484338,,,,,,,
core,1,entry,single_logistic,S_last,at_risk,163,21,142,0.02112676056338028,0.844124700239808,0.26639344262295084,0.018719213898140023,0.08455608007919642,,,,,,,
core,1,entry,transition,S_last,at_risk,163,21,142,0.02112676056338028,0.2925659472422062,0.0196944091846154,0.021062641931814945,0.10831075274098349,,,,,,,
core,1,level,ar1,S_last,all,163,1,162,,,,,,0.37626278445115807,0.6134026283373409,0.38446052471992576,61.340262833734094,38.44605247199257,-0.0017368115124922756,-1.0985051210683126
core,1,level,endpoint_persistence,S_last,all,163,1,162,,,,,,0.1793003889643163,0.4234387664873356,0.28251704356656043,42.343876648733556,28.25170435665604,0.522642665269015,0.0
core,1,level,mean_persistence,S_last,all,163,1,162,,,,,,0.37561041994957756,0.6128706388379015,0.3768982265721396,61.28706388379015,37.68982265721396,0.0,-1.094866732410325
core,1,level,rf,S_last,all,163,1,162,,,,,,0.18547388643508977,0.4306667928167782,0.29139050541015776,43.06667928167782,29.139050541015777,0.5062067594930193,-0.03443103222716437
core,1,level,rf,S_last+M,all,163,1,162,,,,,,0.18938523849947456,0.4351841432077628,0.2944837592501837,43.51841432077628,29.44837592501837,0.49579343798583153,-0.056245553026464945
core,1,level,rf,S_last+M+R,all,163,1,162,,,,,,0.18911114363624457,0.4348691109244764,0.29425791479225394,43.48691109244764,29.425791479225396,0.4965231697735353,-0.05471686218082206
core,1,level,rf,S_mean,all,163,1,162,,,,,,0.38094688844366176,0.6172089503917306,0.3716912341391038,61.720895039173065,37.169123413910384,-0.014207455945446368,-1.1246294592226254
core,1,level,ridge,S_last,all,163,1,162,,,,,,0.1812522873193861,0.42573734546006897,0.29490199665467803,42.5737345460069,29.490199665467802,0.5174460619497253,-0.010886191415113267
core,1,level,ridge,S_last+M,all,163,1,162,,,,,,0.3886207123073381,0.6233945077616084,0.3387141310620554,62.339450776160845,33.87141310620554,-0.03463773012342686,-1.167428160932099
core,1,level,ridge,S_last+M+R,all,163,1,162,,,,,,0.23565170831492233,0.4854397061581617,0.3189132447850889,48.543970615816164,31.891324478508892,0.37261669059512104,-0.31428442334177453
core,1,level,ridge,S_mean,all,163,1,162,,,,,,0.4144658770430297,0.6437902430473995,0.36364145370116174,64.37902430473996,36.36414537011618,-0.10344616397667594,-1.3115726599205266
core,1,level,training_mean,S_last,all,163,1,162,,,,,,5.100444491721364,2.2584163681042884,1.6308054001484287,225.84163681042884,163.08054001484288,-12.57908146532797,-27.44636601840521
core,1,state,logistic,S_last,all,163,1,162,0.11728395061728394,0.9690835480309165,0.895324498501632,0.03468170220749939,0.12514490739108394,,,,,,,
core,1,state,logistic,S_last,at_risk,163,1,142,0.02112676056338028,0.8633093525179856,0.2529411764705882,0.022484269003667828,0.09381848833406517,,,,,,,
core,1,state,logistic,S_last+M,all,163,1,162,0.11728395061728394,0.9624585940375414,0.7761706329113698,0.04261612738807018,0.21809628526453204,,,,,,,
core,1,state,logistic,S_last+M,at_risk,163,1,142,0.02112676056338028,0.8681055155875299,0.13064713064713063,0.02109898795502692,0.08955475160856277,,,,,,,
core,1,state,logistic,S_last+M+R,all,163,1,162,0.11728395061728394,0.9591461170408538,0.7333090648404306,0.04517214122802303,0.23067803035027803,,,,,,,
core,1,state,logistic,S_last+M+R,at_risk,163,1,142,0.02112676056338028,0.8561151079136691,0.12439024390243902,0.021127707149450555,0.09146555430100146,,,,,,,
core,1,state,logistic,S_mean,all,163,1,162,0.11728395061728394,0.9562016930437983,0.8937107489622627,0.034998245118201474,0.14004485790152182,,,,,,,
core,1,state,logistic,S_mean,at_risk,163,1,142,0.02112676056338028,0.7697841726618706,0.42741935483870963,0.021213958484818534,0.1061302425566131,,,,,,,
core,1,state,prevalence,S_last,all,163,1,162,0.11728395061728394,0.7072138387927861,0.2390467616481795,0.11515964403581389,0.3993191896685476,,,,,,,
core,1,state,prevalence,S_last,at_risk,163,1,142,0.02112676056338028,0.45083932853717024,0.027393515045428023,0.07045013022123262,0.30157907814213875,,,,,,,
core,1,state,raw_spread,S_last,all,163,1,162,0.11728395061728394,0.9746043430253956,0.9180721722837888,,,,,,,,,
core,1,state,raw_spread,S_last,at_risk,163,1,142,0.02112676056338028,0.8752997601918465,0.46405228758169936,,,,,,,,,
core,1,state,rf,S_last,all,163,1,162,0.11728395061728394,0.9779168200220831,0.9066604290223319,0.031784190014871885,0.11935660958841439,,,,,,,
core,1,state,rf,S_last,at_risk,163,1,142,0.02112676056338028,0.9136690647482014,0.4579831932773109,0.015166311367419938,0.07318945656345131,,,,,,,
core,1,state,rf,S_last+M,all,163,1,162,0.11728395061728394,0.9501288185498711,0.8941699435493906,0.033136304717679324,0.17714498734058606,,,,,,,
core,1,state,rf,S_last+M,at_risk,163,1,142,0.02112676056338028,0.7350119904076738,0.4237089201877934,0.015440733266143137,0.1303410978323037,,,,,,,
core,1,state,rf,S_last+M+R,all,163,1,162,0.11728395061728394,0.9519690835480308,0.8954444974555233,0.03308275430434231,0.17678159101648186,,,,,,,
core,1,state,rf,S_last+M+R,at_risk,163,1,142,0.02112676056338028,0.7446043165467625,0.4237089201877934,0.015416182303759327,0.1302591635394916,,,,,,,
core,1,state,rf,S_mean,all,163,1,162,0.11728395061728394,0.9528892160471107,0.7866292982521053,0.03169947345172577,0.19772558404154705,,,,,,,
core,1,state,rf,S_mean,at_risk,163,1,142,0.02112676056338028,0.7625899280575539,0.15783590431477754,0.019958917896465554,0.1412985561863716,,,,,,,
core,1,state,single_logistic,S_last,all,163,1,162,0.11728395061728394,0.9690835480309165,0.9053679722912789,0.03374064291517581,0.12956113595511454,,,,,,,
core,1,state,single_logistic,S_last,at_risk,163,1,142,0.02112676056338028,0.8465227817745803,0.43306010928961747,0.023250832517274035,0.10140416242899004,,,,,,,
core,1,state,transition,S_last,all,163,1,162,0.11728395061728394,0.8755980861244019,0.6910952221885488,0.03933442482666056,0.1617326174125238,,,,,,,
core,1,state,transition,S_last,at_risk,163,1,142,0.02112676056338028,0.2925659472422062,0.0196944091846154,0.021062641931814945,0.10831075274098349,,,,,,,
core,3,entry,logistic,S_last,at_risk,163,23,140,0.06428571428571428,0.6658184902459712,0.22783822491265548,0.066912082640204,0.2775022481328633,,,,,,,
core,3,entry,logistic,S_last+M,at_risk,163,23,140,0.06428571428571428,0.6726039016115353,0.10205893342002884,0.08829125912782503,0.36644567322559357,,,,,,,
core,3,entry,logistic,S_last+M+R,at_risk,163,23,140,0.06428571428571428,0.6717557251908397,0.10186389071435316,0.0840483939469993,0.3572640375967025,,,,,,,
core,3,entry,logistic,S_mean,at_risk,163,23,140,0.06428571428571428,0.6378286683630194,0.30687885867679815,0.06286618537528332,0.2707557010007842,,,,,,,
core,3,entry,prevalence,S_last,at_risk,163,23,140,0.06428571428571428,0.18999151823579302,0.04180585343706385,0.06205052482286608,0.2504515951672216,,,,,,,
core,3,entry,raw_spread,S_last,at_risk,163,23,140,0.06428571428571428,0.7150127226463104,0.25368340201673534,,,,,,,,,
core,3,entry,rf,S_last,at_risk,163,23,140,0.06428571428571428,0.6081424936386768,0.12578950477931802,0.0825648934983967,0.511150945170055,,,,,,,
core,3,entry,rf,S_last+M,at_risk,163,23,140,0.06428571428571428,0.5928753180661577,0.10411828921324633,0.07608886944229329,0.4264737403510992,,,,,,,
core,3,entry,rf,S_last+M+R,at_risk,163,23,140,0.06428571428571428,0.6022052586938083,0.10507131119917884,0.07558662716223302,0.41962996564913013,,,,,,,
core,3,entry,rf,S_mean,at_risk,163,23,140,0.06428571428571428,0.6280746395250212,0.12995734372931803,0.07902799535123939,0.5078311905376154,,,,,,,
core,3,entry,single_logistic,S_last,at_risk,163,23,140,0.06428571428571428,0.6700593723494487,0.15689212730187302,0.0688054561851717,0.26635120315501715,,,,,,,
core,3,entry,transition,S_last,at_risk,163,23,140,0.06428571428571428,0.29813401187446986,0.04883925357679132,0.06302542901896117,0.2548718577407941,,,,,,,
core,3,level,ar1,S_last,all,163,3,160,,,,,,1.6441049985818783,1.2822265784883256,0.8748116784577096,128.22265784883257,87.48116784577095,0.034292481685858967,-0.17990127505577358
core,3,level,endpoint_persistence,S_last,all,163,3,160,,,,,,1.3934259020985988,1.1804346242374453,0.7529001535149634,118.04346242374453,75.29001535149634,0.1815353210220979,0.0
core,3,level,mean_persistence,S_last,all,163,3,160,,,,,,1.7024875207060954,1.304794052985411,0.8260670442781854,130.4794052985411,82.60670442781854,0.0,-0.2217998231136853
core,3,level,rf,S_last,all,163,3,160,,,,,,1.5575905525051317,1.2480346760026868,0.8143275655372314,124.80346760026868,81.43275655372314,0.08510897521343874,-0.11781369225251881
core,3,level,rf,S_last+M,all,163,3,160,,,,,,1.6620305972315506,1.2891976563861534,0.855322968224012,128.91976563861533,85.5322968224012,0.02376341851702124,-0.1927656825730122
core,3,level,rf,S_last+M+R,all,163,3,160,,,,,,1.6595459676735995,1.2882336619082733,0.8546537328897672,128.82336619082733,85.46537328897672,0.02522282983588986,-0.19098257408176855
core,3,level,rf,S_mean,all,163,3,160,,,,,,1.8014230050736075,1.3421710044080104,0.8533420210914286,134.21710044080103,85.33420210914286,-0.05811231105322823,-0.2928014344792471
core,3,level,ridge,S_last,all,163,3,160,,,,,,1.2439646705734653,1.115331641518999,0.7439023381836487,111.53316415189991,74.39023381836488,0.26932523413884457,0.10726170031720694
core,3,level,ridge,S_last+M,all,163,3,160,,,,,,2.1054836931096155,1.4510284949337195,0.8481400240155559,145.10284949337196,84.81400240155558,-0.2367102063904587,-0.5110123114107517
core,3,level,ridge,S_last+M+R,all,163,3,160,,,,,,1.3403601000040317,1.1577392193426082,0.7783775423614152,115.77392193426081,77.83775423614152,0.21270488993180625,0.03808297378041148
core,3,level,ridge,S_mean,all,163,3,160,,,,,,1.4488500114002818,1.2036818563890883,0.7958514305216874,120.36818563890883,79.58514305216873,0.14898053948766632,-0.0397754263202732
core,3,level,training_mean,S_last,all,163,3,160,,,,,,3.6432863103186057,1.9087394558500135,1.5361714551912808,190.87394558500134,153.6171455191281,-1.139978276497191,-1.6146250796913968
core,3,state,logistic,S_last,all,163,3,160,0.10625,0.8153023447141093,0.6118107597943693,0.08275133110143643,0.2856066417422786,,,,,,,
core,3,state,logistic,S_last,at_risk,163,3,140,0.05714285714285714,0.6647727272727273,0.22051673854715187,0.05900923869000085,0.2327480047355375,,,,,,,
core,3,state,logistic,S_last+M,all,163,3,160,0.10625,0.7503085150143973,0.4178820650721058,0.09008473539002179,0.4365332913491802,,,,,,,
core,3,state,logistic,S_last+M,at_risk,163,3,140,0.05714285714285714,0.5445075757575758,0.06893965838441399,0.06031730288343997,0.2894438906774302,,,,,,,
core,3,state,logistic,S_last+M+R,all,163,3,160,0.10625,0.7112299465240642,0.35490101419752546,0.10135833425456191,0.4787319503126512,,,,,,,
core,3,state,logistic,S_last+M+R,at_risk,163,3,140,0.05714285714285714,0.5227272727272727,0.06776799608421008,0.06343206341472758,0.30439230705441955,,,,,,,
core,3,state,logistic,S_mean,all,163,3,160,0.10625,0.7815713698066639,0.5937267879063176,0.0882762089121224,0.30782027744135865,,,,,,,
core,3,state,logistic,S_mean,at_risk,163,3,140,0.05714285714285714,0.5909090909090909,0.21755709889539207,0.05791890479730588,0.2375885455863151,,,,,,,
core,3,state,prevalence,S_last,all,163,3,160,0.10625,0.6452077334430275,0.16663431705083817,0.11235561989487393,0.3942103539157342,,,,,,,
core,3,state,prevalence,S_last,at_risk,163,3,140,0.05714285714285714,0.45738636363636365,0.06181914237395418,0.09042337020405855,0.3468290747481432,,,,,,,
core,3,state,raw_spread,S_last,all,163,3,160,0.10625,0.8251748251748251,0.6459682703490753,,,,,,,,,
core,3,state,raw_spread,S_last,at_risk,163,3,140,0.05714285714285714,0.6789772727272727,0.21911681974181973,,,,,,,,,
core,3,state,rf,S_last,all,163,3,160,0.10625,0.7153434800493623,0.2859589528707345,0.11102037309025663,0.6062518633328174,,,,,,,
core,3,state,rf,S_last,at_risk,163,3,140,0.05714285714285714,0.5265151515151515,0.09184427803379416,0.080633479953107,0.5670436048734553,,,,,,,
core,3,state,rf,S_last+M,all,163,3,160,0.10625,0.7568901686548746,0.3253431221207788,0.09023795090011724,0.3513485471526501,,,,,,,
core,3,state,rf,S_last+M,at_risk,163,3,140,0.05714285714285714,0.5823863636363636,0.08082195188784318,0.06483404490337397,0.2964434556437665,,,,,,,
core,3,state,rf,S_last+M+R,all,163,3,160,0.10625,0.7605923488276428,0.3224117194858917,0.09041537086014177,0.3514654813709887,,,,,,,
core,3,state,rf,S_last+M+R,at_risk,163,3,140,0.05714285714285714,0.5918560606060606,0.08214471444542072,0.06481709366064624,0.296144348097991,,,,,,,
core,3,state,rf,S_mean,all,163,3,160,0.10625,0.7297408473879061,0.2639701619862439,0.11626869559611881,0.5599724178193602,,,,,,,
core,3,state,rf,S_mean,at_risk,163,3,140,0.05714285714285714,0.5928030303030303,0.09317500228060573,0.07931343276420136,0.49667909487620293,,,,,,,
core,3,state,single_logistic,S_last,all,163,3,160,0.10625,0.807075277663513,0.6388616164527495,0.07470141100507657,0.2664010688087901,,,,,,,
core,3,state,single_logistic,S_last,at_risk,163,3,140,0.05714285714285714,0.6382575757575757,0.2105312241886744,0.05986669702457445,0.2346367933521494,,,,,,,
core,3,state,transition,S_last,all,163,3,160,0.10625,0.6606334841628959,0.3266544226843172,0.08939648842780239,0.31067974898185363,,,,,,,
core,3,state,transition,S_last,at_risk,163,3,140,0.05714285714285714,0.3399621212121212,0.04817007881873223,0.056021149105229165,0.23257627682672424,,,,,,,
