scenario,horizon,task,model,feature_block,risk_set,requested,excluded,n,mse,rmse,mae,rmse_bps,mae_bps,r2_vs_mean_persistence,r2_vs_endpoint_persistence
external,1,level,ar1,S_last,all,49,23,26,0.08794093432758461,0.29654836760229286,0.2292769088328417,29.654836760229287,22.92769088328417,-0.1261274168837614,-1.238106740583388
external,1,level,endpoint_persistence,S_last,all,49,23,26,0.03929255595050923,0.19822349999560906,0.13566263808655113,19.822349999560906,13.566263808655114,0.49683927202228817,0.0
external,1,level,mean_persistence,S_last,all,49,23,26,0.0780914601750273,0.27944849288380014,0.19512063299019827,27.944849288380013,19.51206329901983,0.0,-0.9874365076526728
external,1,level,rf,S_last+M,all,49,23,26,0.035225761171761426,0.18768527158986512,0.13510664514247542,18.76852715898651,13.510664514247543,0.5489166024964891,0.10350038780552007
external,1,level,rf,S_last+M+R,all,49,23,26,0.035139317053942576,0.18745484003872126,0.13512242856118062,18.745484003872125,13.512242856118062,0.5500235624332748,0.10570040039639683
external,1,level,ridge,S_last+M,all,49,23,26,0.03617324068918137,0.19019264099638916,0.13359262943979602,19.019264099638917,13.359262943979603,0.5367836558811185,0.07938692675673176
external,1,level,ridge,S_last+M+R,all,49,23,26,0.03827505347031892,0.19564011211998147,0.1399072373284476,19.564011211998146,13.99072373284476,0.5098688975141124,0.025895553383493253
external,1,level,training_mean,S_last,all,49,23,26,6.247272781065179,2.4994544966982652,2.4821378596685117,249.94544966982653,248.21378596685116,-78.99943613633417,-157.993799968979
external,3,level,ar1,S_last,all,49,25,24,0.44460264513611736,0.6667853066288408,0.5940192510832372,66.67853066288409,59.40192510832372,-1.0536971833515367,-1.308376057038005
external,3,level,endpoint_persistence,S_last,all,49,25,24,0.19260407929659853,0.4388668127081365,0.30480942577953446,43.88668127081365,30.480942577953446,0.11032815598220136,0.0
external,3,level,mean_persistence,S_last,all,49,25,24,0.21648890047682046,0.46528367742359117,0.3290822040278562,46.528367742359116,32.90822040278562,0.0,-0.12400994448015168
external,3,level,rf,S_last+M,all,49,25,24,0.5311371697714283,0.7287915818472579,0.6752936520005055,72.8791581847258,67.52936520005055,-1.4534152494727892,-1.7576631383466674
external,3,level,rf,S_last+M+R,all,49,25,24,0.5269846345720569,0.7259370734244511,0.6729638210380527,72.59370734244511,67.29638210380527,-1.4342339649347582,-1.7361031837780172
external,3,level,ridge,S_last+M,all,49,25,24,0.4004959532195375,0.6328474960205954,0.5641103253208319,63.28474960205954,56.4110325320832,-0.8499606785264207,-1.0793741995609456
external,3,level,ridge,S_last+M+R,all,49,25,24,0.4446159308532434,0.6667952690693324,0.5957763014970497,66.67952690693323,59.57763014970497,-1.0537585523967712,-1.3084450364551312
external,3,level,training_mean,S_last,all,49,25,24,6.514252404896271,2.5523033528356835,2.5341901600470504,255.23033528356837,253.41901600470504,-29.090468336014087,-32.82198564374496
